	W	Reject null hypothesis
k__Bacteria;p__Proteobacteria;c__Betaproteobacteria;o__Burkholderiales;f__Comamonadaceae;g__Delftia	0	False
k__Bacteria;p__Planctomycetes;c__Planctomycetia;o__Gemmatales;f__Gemmataceae;__	0	False
k__Bacteria;p__Planctomycetes;c__Planctomycetia;o__B97;f__;g__	0	False
k__Bacteria;p__Planctomycetes;c__C6;o__MVS-107;f__;g__	0	False
k__Bacteria;p__Chloroflexi;c__TK17;o__;f__;g__	0	False
k__Bacteria;p__Proteobacteria;c__Betaproteobacteria;o__Rhodocyclales;f__Rhodocyclaceae;g__Azoarcus	0	False
k__Bacteria;p__Gemmatimonadetes;c__;o__;f__;g__	0	False
k__Bacteria;p__Chloroflexi;c__Chloroflexi;o__[Roseiflexales];f__;g__	0	False
k__Bacteria;p__Firmicutes;c__Bacilli;o__Bacillales;f__Planococcaceae;g__Psychrobacillus	0	False
k__Bacteria;p__Verrucomicrobia;c__Verrucomicrobiae;o__Verrucomicrobiales;f__Verrucomicrobiaceae;g__	0	False
k__Bacteria;p__Proteobacteria;c__Gammaproteobacteria;o__Legionellales;__;__	0	False
k__Bacteria;p__Verrucomicrobia;c__Opitutae;o__;f__;g__	0	False
k__Bacteria;p__Proteobacteria;c__Betaproteobacteria;o__Burkholderiales;f__Comamonadaceae;g__Acidovorax	0	False
k__Bacteria;p__Actinobacteria;c__Actinobacteria;o__Actinomycetales;f__Microbacteriaceae;g__Nocardia	0	False
k__Bacteria;p__Chloroflexi;c__TK17;o__mle1-48;f__;g__	0	False
k__Bacteria;p__Chloroflexi;c__C0119;o__;f__;g__	0	False
k__Bacteria;p__Chloroflexi;c__Anaerolineae;o__S0208;f__;g__	0	False
k__Bacteria;p__Bacteroidetes;c__Bacteroidia;o__Bacteroidales;f__;g__	0	False
k__Bacteria;p__Elusimicrobia;c__Elusimicrobia;o__FAC88;f__;g__	0	False
k__Bacteria;p__Actinobacteria;c__Actinobacteria;o__Actinomycetales;f__Streptosporangiaceae;__	0	False
k__Bacteria;p__Proteobacteria;c__Gammaproteobacteria;o__Legionellales;f__Coxiellaceae;g__Rickettsiella	0	False
k__Bacteria;p__Gemmatimonadetes;c__Gemm-2;o__;f__;g__	0	False
k__Bacteria;p__Proteobacteria;c__Betaproteobacteria;o__Burkholderiales;f__Comamonadaceae;g__Leptothrix	0	False
k__Bacteria;p__Proteobacteria;c__Alphaproteobacteria;o__Rhodospirillales;f__Acetobacteraceae;g__Roseomonas	0	False
k__Bacteria;p__Verrucomicrobia;c__[Pedosphaerae];o__[Pedosphaerales];__;__	0	False
k__Bacteria;p__Verrucomicrobia;c__Verrucomicrobiae;o__Verrucomicrobiales;f__Verrucomicrobiaceae;g__Luteolibacter	0	False
k__Bacteria;p__Proteobacteria;c__Alphaproteobacteria;o__Rhodospirillales;f__Acetobacteraceae;g__Rhodopila	0	False
k__Bacteria;p__Proteobacteria;c__Alphaproteobacteria;o__Rhizobiales;f__Hyphomicrobiaceae;g__Filomicrobium	0	False
k__Bacteria;p__Planctomycetes;c__C6;o__d113;f__;g__	0	False
k__Bacteria;p__Proteobacteria;c__Gammaproteobacteria;o__Alteromonadales;f__Alteromonadaceae;g__Cellvibrio	0	False
k__Bacteria;p__Proteobacteria;c__Alphaproteobacteria;o__Rickettsiales;f__mitochondria;g__Pythium	0	False
k__Bacteria;p__Proteobacteria;c__Gammaproteobacteria;o__Pseudomonadales;f__Pseudomonadaceae;g__Pseudomonas	0	False
k__Bacteria;p__Acidobacteria;c__iii1-8;o__SJA-36;f__;g__	0	False
k__Bacteria;p__Proteobacteria;c__Deltaproteobacteria;o__MBNT15;f__;g__	0	False
k__Bacteria;p__Firmicutes;c__Bacilli;o__Bacillales;f__Thermoactinomycetaceae;g__Desmospora	0	False
k__Bacteria;p__Planctomycetes;c__Phycisphaerae;o__mle1-8;f__;g__	0	False
k__Bacteria;p__Gemmatimonadetes;c__Gemm-3;o__;f__;g__	0	False
k__Bacteria;p__Firmicutes;c__Bacilli;o__Bacillales;f__Paenibacillaceae;__	0	False
k__Bacteria;p__Proteobacteria;c__Gammaproteobacteria;o__Xanthomonadales;f__Xanthomonadaceae;g__Rhodanobacter	0	False
k__Bacteria;p__Chloroflexi;c__Thermomicrobia;o__Ellin6537;f__;g__	0	False
k__Bacteria;p__Proteobacteria;c__Alphaproteobacteria;o__Rhodospirillales;f__Rhodospirillaceae;g__Inquilinus	0	False
k__Bacteria;p__Planctomycetes;c__vadinHA49;o__DH61;f__;g__	0	False
k__Bacteria;p__Proteobacteria;c__Gammaproteobacteria;o__Xanthomonadales;f__Xanthomonadaceae;g__Achromobacter	0	False
k__Bacteria;p__Proteobacteria;c__Alphaproteobacteria;o__Rhodospirillales;f__Rhodospirillaceae;g__Stella	0	False
k__Bacteria;p__Nitrospirae;c__Nitrospira;o__Nitrospirales;f__[Leptospirillaceae];g__	0	False
k__Bacteria;p__Actinobacteria;c__Actinobacteria;o__Actinomycetales;f__Actinosynnemataceae;g__Umezawaea	0	False
k__Bacteria;p__Proteobacteria;c__Alphaproteobacteria;o__Sphingomonadales;__;__	0	False
k__Bacteria;p__Gemmatimonadetes;c__Gemmatimonadetes;o__N1423WL;f__;g__	0	False
k__Bacteria;p__Chloroflexi;c__Anaerolineae;o__Caldilineales;f__Caldilineaceae;g__Litorilinea	0	False
k__Bacteria;p__Planctomycetes;c__Planctomycetia;o__Gemmatales;f__Isosphaeraceae;g__	0	False
k__Bacteria;p__Planctomycetes;c__Phycisphaerae;o__S-70;f__;g__	0	False
k__Bacteria;p__Firmicutes;c__Clostridia;o__Clostridiales;f__Peptococcaceae;g__Desulfosporosinus	0	False
k__Bacteria;p__Chloroflexi;c__;o__;f__;g__	0	False
k__Bacteria;p__Chloroflexi;c__Anaerolineae;o__envOPS12;f__;g__	0	False
k__Bacteria;p__Acidobacteria;c__;o__;f__;g__	0	False
k__Bacteria;p__Proteobacteria;c__Betaproteobacteria;o__Burkholderiales;f__Comamonadaceae;g__Caldimonas	0	False
k__Bacteria;p__Proteobacteria;c__Betaproteobacteria;o__Rhodocyclales;f__Rhodocyclaceae;g__Uliginosibacterium	0	False
k__Bacteria;p__Proteobacteria;c__Alphaproteobacteria;o__Rhizobiales;f__Phyllobacteriaceae;g__Hoeflea	0	False
k__Bacteria;p__Proteobacteria;c__Deltaproteobacteria;o__Myxococcales;f__Cystobacteraceae;g__Cystobacter	0	False
k__Bacteria;p__Firmicutes;c__Bacilli;o__Bacillales;f__Planococcaceae;__	0	False
k__Bacteria;p__Planctomycetes;c__Phycisphaerae;o__WD2101;f__;g__	0	False
k__Bacteria;p__Nitrospirae;c__Nitrospira;o__Nitrospirales;f__FW;g__4-29	0	False
k__Bacteria;p__Acidobacteria;c__Acidobacteriia;o__Acidobacteriales;f__Koribacteraceae;g__Candidatus Koribacter	0	False
k__Bacteria;p__Chloroflexi;c__TK10;o__;f__;g__	0	False
k__Bacteria;p__Proteobacteria;c__Betaproteobacteria;o__Burkholderiales;f__Comamonadaceae;g__Limnobacter	0	False
k__Bacteria;p__Actinobacteria;c__Actinobacteria;o__Actinomycetales;f__Kineosporiaceae;__	0	False
k__Bacteria;p__Proteobacteria;c__Betaproteobacteria;o__Burkholderiales;__;__	0	False
k__Bacteria;p__Acidobacteria;c__Acidobacteriia;o__Acidobacteriales;f__Acidobacteriaceae;g__Terriglobus	0	False
k__Bacteria;p__Actinobacteria;c__Actinobacteria;o__Actinomycetales;f__Micrococcaceae;g__Micrococcus	0	False
k__Bacteria;p__Proteobacteria;c__Betaproteobacteria;o__A21b;f__;g__	0	False
k__Bacteria;p__Verrucomicrobia;c__[Spartobacteria];o__[Chthoniobacterales];f__[Chthoniobacteraceae];g__Chthoniobacter	0	False
k__Bacteria;p__Verrucomicrobia;c__Opitutae;o__Opitutales;f__Opitutaceae;g__Opitutus	0	False
k__Bacteria;p__Bacteroidetes;c__[Saprospirae];o__[Saprospirales];f__Chitinophagaceae;g__Trachelomonas	0	False
k__Bacteria;p__Actinobacteria;c__Actinobacteria;o__Actinomycetales;f__Microbacteriaceae;g__Frondihabitans	0	False
k__Bacteria;p__Proteobacteria;c__Alphaproteobacteria;o__Caulobacterales;f__Caulobacteraceae;__	0	False
k__Bacteria;p__Chloroflexi;c__Chloroflexi;o__[Roseiflexales];f__[Kouleothrixaceae];g__	0	False
k__Bacteria;p__Planctomycetes;c__Planctomycetia;o__Planctomycetales;f__Planctomycetaceae;g__Planctomyces	0	False
k__Bacteria;p__Actinobacteria;c__Actinobacteria;o__Actinomycetales;f__Frankiaceae;g__Kaistibacter	0	False
k__Bacteria;p__Planctomycetes;c__Planctomycetia;o__Pirellulales;f__Pirellulaceae;__	0	False
k__Bacteria;p__Proteobacteria;c__Alphaproteobacteria;o__Rhizobiales;f__Bradyrhizobiaceae;g__Afipia	0	False
k__Bacteria;p__Acidobacteria;c__Acidobacteriia;o__Acidobacteriales;f__Acidobacteriaceae;g__Telmatobacter	0	False
k__Bacteria;p__Planctomycetes;c__Planctomycetia;o__Gemmatales;__;__	0	False
k__Bacteria;p__Proteobacteria;c__Alphaproteobacteria;o__Sphingomonadales;f__Sphingomonadaceae;g__Sphingosinicella	0	False
k__Bacteria;p__Proteobacteria;c__Alphaproteobacteria;o__Rhodospirillales;__;__	0	False
k__Bacteria;p__Proteobacteria;c__Alphaproteobacteria;o__Rhodospirillales;f__Rhodospirillaceae;g__Defluviicoccus	0	False
k__Bacteria;p__Proteobacteria;c__Betaproteobacteria;o__Burkholderiales;f__Burkholderiaceae;g__Lautropia	0	False
k__Bacteria;p__Proteobacteria;c__Alphaproteobacteria;o__Rhizobiales;f__Beijerinckiaceae;g__Chelatococcus	0	False
k__Bacteria;p__Proteobacteria;c__Betaproteobacteria;o__Burkholderiales;f__Oxalobacteraceae;g__Massilia	0	False
k__Bacteria;p__Verrucomicrobia;c__[Spartobacteria];o__[Chthoniobacterales];f__[Chthoniobacteraceae];__	0	False
k__Bacteria;p__Proteobacteria;c__Gammaproteobacteria;o__Xanthomonadales;f__Sinobacteraceae;g__Solimonas	0	False
k__Bacteria;p__Proteobacteria;c__Deltaproteobacteria;o__Myxococcales;f__Polyangiaceae;g__Phaselicystis	0	False
k__Bacteria;p__Proteobacteria;__;__;__;__	0	False
k__Bacteria;p__Actinobacteria;c__Actinobacteria;o__Actinomycetales;f__Micromonosporaceae;g__Phytohabitans	0	False
k__Bacteria;p__Proteobacteria;c__Alphaproteobacteria;o__Ellin329;f__;g__	0	False
k__Bacteria;p__Firmicutes;c__Bacilli;o__Bacillales;f__Thermoactinomycetaceae;g__Thermoactinomyces	0	False
k__Bacteria;p__Bacteroidetes;c__[Saprospirae];o__[Saprospirales];f__Chitinophagaceae;g__	0	False
k__Bacteria;p__Planctomycetes;c__Phycisphaerae;o__Phycisphaerales;f__;g__	0	False
k__Bacteria;p__Verrucomicrobia;c__[Pedosphaerae];o__[Pedosphaerales];f__Ellin515;g__	0	False
k__Bacteria;p__Acidobacteria;c__[Chloracidobacteria];o__DS-100;f__;g__	0	False
k__Bacteria;p__Bacteroidetes;c__Cytophagia;o__Cytophagales;__;__	0	False
k__Bacteria;p__Planctomycetes;c__OM190;o__CL500-15;f__;g__	0	False
k__Bacteria;p__WS3;c__PRR-12;o__Sediment-1;f__CV106;g__	0	False
k__Bacteria;p__Bacteroidetes;c__[Saprospirae];o__[Saprospirales];f__Chitinophagaceae;g__Parasegitibacter	0	False
k__Bacteria;p__Actinobacteria;c__Actinobacteria;o__Actinomycetales;f__Microbacteriaceae;g__Agromyces	0	False
k__Bacteria;p__Actinobacteria;c__Actinobacteria;o__Actinomycetales;f__Streptosporangiaceae;g__Nonomuraea	0	False
k__Bacteria;p__WS3;c__PRR-12;o__wb1_H11;f__;g__	0	False
k__Bacteria;p__Actinobacteria;c__Actinobacteria;o__Actinomycetales;f__Thermomonosporaceae;g__Actinoallomurus	0	False
k__Bacteria;p__Proteobacteria;c__Alphaproteobacteria;o__Rhizobiales;f__Hyphomicrobiaceae;g__Pedomicrobium	0	False
k__Bacteria;p__Actinobacteria;c__Actinobacteria;o__Actinomycetales;f__Actinosynnemataceae;g__Lentzea	0	False
k__Bacteria;p__Actinobacteria;c__Actinobacteria;o__Actinomycetales;f__Propionibacteriaceae;__	0	False
k__Bacteria;p__Acidobacteria;c__Acidobacteriia;o__Acidobacteriales;f__Koribacteraceae;g__	0	False
k__Bacteria;p__Actinobacteria;c__Actinobacteria;o__Actinomycetales;f__Streptosporangiaceae;g__Planotetraspora	0	False
k__Bacteria;p__Firmicutes;c__Clostridia;o__Clostridiales;f__Gracilibacteraceae;g__	0	False
k__Bacteria;p__Acidobacteria;c__[Chloracidobacteria];o__11-24;f__;g__	0	False
k__Bacteria;p__Planctomycetes;c__OM190;o__agg27;f__;g__	0	False
k__Bacteria;p__Proteobacteria;c__Alphaproteobacteria;o__Rhodospirillales;f__Rhodospirillaceae;g__Dongia	0	False
k__Bacteria;p__Chloroflexi;c__Anaerolineae;o__WCHB1-50;f__;g__	0	False
k__Bacteria;p__Proteobacteria;c__Betaproteobacteria;o__Burkholderiales;f__Burkholderiaceae;g__Burkholderia	0	False
k__Bacteria;p__Proteobacteria;c__Alphaproteobacteria;o__Rhizobiales;f__Xanthobacteraceae;g__Labrys	0	False
k__Bacteria;p__Bacteroidetes;c__Cytophagia;o__Cytophagales;f__;g__	0	False
k__Bacteria;p__Chloroflexi;c__Anaerolineae;o__;f__;g__	0	False
k__Bacteria;p__Chloroflexi;c__Ktedonobacteria;o__Elev-1554;f__;g__	0	False
k__Bacteria;p__Proteobacteria;c__Betaproteobacteria;o__Neisseriales;f__Neisseriaceae;g__Formivibrio	0	False
k__Bacteria;p__Proteobacteria;c__Gammaproteobacteria;o__Legionellales;f__;g__	0	False
k__Bacteria;p__Armatimonadetes;c__[Fimbriimonadia];o__;f__;g__	0	False
k__Bacteria;p__Proteobacteria;c__Alphaproteobacteria;o__Rhodospirillales;f__Rhodospirillaceae;g__	0	False
k__Bacteria;p__Proteobacteria;c__Alphaproteobacteria;o__Rhodospirillales;f__Acetobacteraceae;g__Craurococcus	0	False
k__Bacteria;p__Actinobacteria;c__Acidimicrobiia;o__Acidimicrobiales;f__C111;__	0	False
k__Bacteria;p__Chlorobi;c__BSV26;o__PK329;f__;g__	0	False
k__Bacteria;p__Acidobacteria;c__Acidobacteriia;o__Acidobacteriales;f__Koribacteraceae;__	0	False
k__Bacteria;p__Chloroflexi;c__Ktedonobacteria;o__Ktedonobacterales;f__Ktedonobacteraceae;g__	0	False
k__Bacteria;p__Proteobacteria;c__Alphaproteobacteria;o__Rhizobiales;f__Rhodobiaceae;__	0	False
k__Bacteria;p__Actinobacteria;c__Thermoleophilia;__;__;__	0	False
k__Bacteria;p__Actinobacteria;c__Actinobacteria;o__Actinomycetales;f__Pseudonocardiaceae;g__Saccharomonospora	0	False
k__Bacteria;p__Cyanobacteria;c__Chloroplast;o__Chlorophyta;f__Chlamydomonadaceae;g__Acutodesmus	0	False
k__Bacteria;p__Acidobacteria;c__Solibacteres;o__Solibacterales;f__AKIW659;g__	0	False
k__Bacteria;p__Chloroflexi;c__Anaerolineae;o__A31;f__S47;g__	0	False
k__Bacteria;p__Acidobacteria;c__Acidobacteriia;o__Acidobacteriales;f__Acidobacteriaceae;g__Granulicella	0	False
k__Bacteria;p__Actinobacteria;c__Actinobacteria;o__Actinomycetales;f__Actinospicaceae;g__Actinospica	0	False
k__Bacteria;p__Firmicutes;c__Bacilli;o__Bacillales;f__Thermoactinomycetaceae;__	0	False
k__Bacteria;p__Firmicutes;c__Clostridia;o__Clostridiales;__;__	0	False
k__Bacteria;p__Actinobacteria;c__Actinobacteria;o__Actinomycetales;f__Nocardiaceae;g__Nocardia	0	False
k__Bacteria;p__Cyanobacteria;c__Chloroplast;o__Chlorophyta;f__;g__	0	False
k__Bacteria;p__Proteobacteria;c__Deltaproteobacteria;o__Desulfobacterales;f__Desulfobacteraceae;__	0	False
k__Bacteria;p__Chloroflexi;c__TK10;o__AKYG885;__;__	0	False
k__Bacteria;p__Firmicutes;c__Clostridia;o__Clostridiales;f__Peptostreptococcaceae;__	0	False
k__Bacteria;p__Firmicutes;c__Bacilli;o__Bacillales;f__Paenibacillaceae;g__Brevibacillus	0	False
k__Bacteria;p__Cyanobacteria;c__Chloroplast;o__Streptophyta;f__;g__	0	False
k__Bacteria;p__Proteobacteria;c__Deltaproteobacteria;o__[Entotheonellales];f__;g__	0	False
k__Bacteria;p__Chloroflexi;c__Anaerolineae;__;__;__	0	False
k__Bacteria;p__Proteobacteria;c__Gammaproteobacteria;o__Xanthomonadales;f__Sinobacteraceae;g__Alkanibacter	0	False
k__Bacteria;p__Proteobacteria;c__Deltaproteobacteria;o__Desulfuromonadales;f__Geobacteraceae;g__Geobacter	0	False
k__Bacteria;p__Chloroflexi;c__Chloroflexi;o__Herpetosiphonales;f__;g__	0	False
k__Bacteria;p__Proteobacteria;c__Deltaproteobacteria;o__Syntrophobacterales;f__Syntrophaceae;g__Syntrophus	0	False
k__Bacteria;p__Chloroflexi;c__Anaerolineae;o__Anaerolineales;f__Anaerolinaceae;g__Anaerolinea	0	False
k__Bacteria;p__Armatimonadetes;c__Armatimonadia;o__FW68;f__;g__	0	False
k__Bacteria;p__Proteobacteria;c__Alphaproteobacteria;o__Rhodospirillales;f__Acetobacteraceae;g__Acidisphaera	0	False
k__Bacteria;p__Chloroflexi;c__Anaerolineae;o__SJA-15;f__;g__	0	False
k__Bacteria;p__Planctomycetes;c__Phycisphaerae;o__CPla-3;f__;g__	0	False
k__Bacteria;p__TM7;c__SC3;o__;f__;g__	0	False
k__Bacteria;p__Bacteroidetes;c__Cytophagia;o__Cytophagales;f__Cytophagaceae;g__Pontibacter	0	False
k__Bacteria;p__Planctomycetes;c__Planctomycetia;o__Pirellulales;f__Pirellulaceae;g__planctomycete	0	False
k__Bacteria;p__Firmicutes;__;__;__;__	0	False
k__Bacteria;p__Spirochaetes;c__Spirochaetes;o__Spirochaetales;f__Spirochaetaceae;g__Spirochaeta	0	False
k__Bacteria;p__Chloroflexi;c__[Thermobacula];o__[Thermobaculales];f__[Thermobaculaceae];g__Thermobaculum	0	False
k__Bacteria;p__Verrucomicrobia;c__[Spartobacteria];o__[Chthoniobacterales];f__[Chthoniobacteraceae];g__OR-59	0	False
k__Bacteria;p__Planctomycetes;c__Planctomycetia;__;__;__	0	False
k__Bacteria;p__Proteobacteria;c__Alphaproteobacteria;o__Rickettsiales;f__;g__	0	False
k__Bacteria;p__Verrucomicrobia;__;__;__;__	0	False
k__Bacteria;p__Chloroflexi;c__SHA-26;o__;f__;g__	0	False
k__Bacteria;p__BRC1;c__PRR-11;o__;f__;g__	0	False
k__Bacteria;p__Gemmatimonadetes;c__Gemmatimonadetes;o__Gemmatimonadales;f__;g__	0	False
k__Bacteria;p__Chloroflexi;c__Anaerolineae;o__GCA004;f__;g__	0	False
k__Bacteria;p__Chloroflexi;c__Anaerolineae;o__H39;f__;g__	0	False
k__Bacteria;p__Firmicutes;c__Clostridia;o__Clostridiales;f__Symbiobacteriaceae;g__Symbiobacterium	0	False
k__Bacteria;p__Firmicutes;c__Clostridia;o__Clostridiales;f__Lachnospiraceae;g__Clostridium	0	False
k__Bacteria;p__Acidobacteria;c__iii1-8;o__;f__;g__	0	False
k__Bacteria;p__Proteobacteria;c__Betaproteobacteria;o__Rhodocyclales;f__Rhodocyclaceae;g__Georgfuchsia	0	False
k__Bacteria;p__Gemmatimonadetes;c__Gemmatimonadetes;o__C114;f__;g__	0	False
k__Bacteria;p__Bacteroidetes;c__Flavobacteriia;o__Flavobacteriales;f__Flavobacteriaceae;__	0	False
k__Bacteria;p__Proteobacteria;c__Gammaproteobacteria;o__Oceanospirillales;f__Halomonadaceae;g__Halomonas	0	False
k__Bacteria;p__Chloroflexi;c__Anaerolineae;o__Caldilineales;f__Caldilineaceae;g__Caldilinea	0	False
k__Bacteria;p__Proteobacteria;c__Gammaproteobacteria;o__Chromatiales;__;__	0	False
k__Bacteria;p__Proteobacteria;c__Alphaproteobacteria;o__Sphingomonadales;f__Erythrobacteraceae;g__Porphyrobacter	0	False
k__Bacteria;p__Acidobacteria;c__iii1-8;__;__;__	0	False
k__Bacteria;p__Actinobacteria;c__Actinobacteria;o__Actinomycetales;f__Streptosporangiaceae;g__Acrocarpospora	0	False
k__Bacteria;p__Chloroflexi;c__Ktedonobacteria;o__JG30-KF-AS9;f__;g__	0	False
k__Bacteria;p__Acidobacteria;c__Acidobacteriia;o__Acidobacteriales;f__Acidobacteriaceae;g__Acidicapsa	0	False
k__Bacteria;p__Actinobacteria;c__Actinobacteria;o__Actinomycetales;f__Nakamurellaceae;__	0	False
k__Bacteria;p__Actinobacteria;c__Actinobacteria;o__Actinomycetales;f__Geodermatophilaceae;__	0	False
k__Bacteria;p__Proteobacteria;c__Betaproteobacteria;o__Gallionellales;f__Gallionellaceae;g__	0	False
k__Bacteria;p__Firmicutes;c__Bacilli;o__Bacillales;f__Thermoactinomycetaceae;g__Planifilum	0	False
k__Bacteria;p__Acidobacteria;c__Acidobacteriia;o__Acidobacteriales;f__Acidobacteriaceae;g__Edaphobacter	0	False
k__Bacteria;p__Chloroflexi;c__Chloroflexi;o__AKIW781;f__;g__	0	False
k__Bacteria;p__Planctomycetes;c__Phycisphaerae;o__CCM11a;f__;g__	0	False
k__Bacteria;p__Gemmatimonadetes;c__Gemmatimonadetes;o__Gemmatimonadales;f__Gemmatimonadaceae;g__Gemmatimonas	0	False
k__Bacteria;p__Bacteroidetes;c__[Saprospirae];o__[Saprospirales];f__Chitinophagaceae;g__Ferruginibacter	0	False
k__Bacteria;p__Bacteroidetes;__;__;__;__	0	False
k__Bacteria;p__Nitrospirae;c__Nitrospira;o__Nitrospirales;f__Nitrospiraceae;g__JG37-AG-70	0	False
k__Bacteria;p__Verrucomicrobia;c__[Pedosphaerae];o__[Pedosphaerales];f__[Pedosphaeraceae];g__	0	False
k__Bacteria;p__Proteobacteria;c__Gammaproteobacteria;o__Alteromonadales;f__125ds10;g__	0	False
k__Bacteria;p__Verrucomicrobia;c__[Pedosphaerae];o__[Pedosphaerales];f__;g__	0	False
k__Bacteria;p__Actinobacteria;c__Actinobacteria;o__Actinomycetales;f__Nocardiopsaceae;g__Nocardiopsis	0	False
k__Bacteria;p__Planctomycetes;c__Pla4;o__;f__;g__	0	False
k__Bacteria;p__Actinobacteria;c__Actinobacteria;o__Actinomycetales;f__Micromonosporaceae;g__Rugosimonospora	0	False
k__Bacteria;p__Proteobacteria;c__Gammaproteobacteria;o__Alteromonadales;f__OM60;g__Haliea	0	False
k__Bacteria;p__Actinobacteria;c__OPB41;o__;f__;g__	0	False
k__Bacteria;p__Actinobacteria;c__Actinobacteria;o__Actinomycetales;f__Thermomonosporaceae;g__Actinocorallia	0	False
k__Bacteria;p__Actinobacteria;c__Actinobacteria;o__Actinomycetales;f__Micromonosporaceae;g__Catenuloplanes	0	False
k__Bacteria;p__Actinobacteria;c__Actinobacteria;o__Actinomycetales;f__Glycomycetaceae;g__Glycomyces	0	False
k__Bacteria;p__Actinobacteria;c__Actinobacteria;o__Actinomycetales;f__Nocardiopsaceae;g__Thermobifida	0	False
k__Bacteria;p__Proteobacteria;c__Alphaproteobacteria;o__Caulobacterales;f__Caulobacteraceae;g__Nitrobacteria	0	False
k__Bacteria;p__Proteobacteria;c__Alphaproteobacteria;o__Rhizobiales;f__Methylobacteriaceae;g__Methylobacterium	0	False
k__Bacteria;p__Bacteroidetes;c__Sphingobacteriia;o__Sphingobacteriales;f__Sphingobacteriaceae;g__Mucilaginibacter	0	False
k__Bacteria;p__Elusimicrobia;c__Elusimicrobia;o__MVP-88;f__;g__	0	False
k__Bacteria;p__WPS-2;c__;o__;f__;g__	0	False
k__Bacteria;p__Proteobacteria;c__Betaproteobacteria;o__Burkholderiales;f__Comamonadaceae;g__Aquincola	0	False
k__Bacteria;p__Proteobacteria;c__Gammaproteobacteria;o__Xanthomonadales;f__Xanthomonadaceae;g__Gynumella	0	False
k__Bacteria;p__Armatimonadetes;c__;o__;f__;g__	0	False
k__Bacteria;p__Actinobacteria;c__Actinobacteria;o__Actinomycetales;f__Actinosynnemataceae;g__Kutzneria	0	False
k__Bacteria;p__Chloroflexi;c__TK10;o__B07_WMSP1;f__FFCH4570;g__	0	False
k__Bacteria;p__Firmicutes;c__Clostridia;o__OPB54;f__;g__	0	False
k__Bacteria;p__Acidobacteria;c__TM1;o__;f__;g__	0	False
k__Bacteria;p__Acidobacteria;__;__;__;__	0	False
k__Bacteria;p__Actinobacteria;c__Acidimicrobiia;o__Acidimicrobiales;f__Iamiaceae;__	0	False
k__Bacteria;p__Chloroflexi;c__P2-11E;o__;f__;g__	0	False
k__Bacteria;p__Bacteroidetes;c__Cytophagia;o__Cytophagales;f__Cytophagaceae;g__Sporocytophaga	0	False
k__Bacteria;p__Chloroflexi;c__Anaerolineae;o__SBR1031;f__A4b;g__	0	False
k__Bacteria;p__Chlorobi;c__SJA-28;o__;f__;g__	0	False
k__Bacteria;p__Acidobacteria;c__EC1113;o__;f__;g__	0	False
k__Bacteria;p__Acidobacteria;c__Holophagae;o__Holophagales;f__Holophagaceae;g__Holophaga	0	False
k__Bacteria;p__Firmicutes;c__Clostridia;o__Clostridiales;f__Ruminococcaceae;__	0	False
k__Bacteria;p__Armatimonadetes;c__Armatimonadia;o__Armatimonadales;f__Armatimonadaceae;g__Armatimonas	0	False
k__Bacteria;p__Proteobacteria;c__Deltaproteobacteria;o__Bdellovibrionales;f__Bacteriovoracaceae;g__Peredibacter	0	False
k__Bacteria;p__Proteobacteria;c__Alphaproteobacteria;o__Sphingomonadales;f__Sphingomonadaceae;g__Novosphingobium	0	False
k__Bacteria;p__Proteobacteria;c__Deltaproteobacteria;o__;f__;g__	0	False
k__Bacteria;p__Planctomycetes;c__Planctomycetia;o__Gemmatales;f__Isosphaeraceae;g__Nostocoida	0	False
k__Bacteria;p__Acidobacteria;c__Acidobacteria-5;o__;f__;g__	0	False
k__Bacteria;p__Actinobacteria;c__Acidimicrobiia;o__Acidimicrobiales;f__koll13;g__mixed	0	False
k__Bacteria;p__Acidobacteria;c__Sva0725;o__Sva0725;f__;g__	0	False
k__Bacteria;p__Actinobacteria;c__Thermoleophilia;o__Solirubrobacterales;__;__	0	False
k__Bacteria;p__Gemmatimonadetes;c__Gemmatimonadetes;o__Gemmatimonadales;f__Ellin5301;g__	0	False
k__Bacteria;p__Actinobacteria;c__Actinobacteria;o__Actinomycetales;f__Streptosporangiaceae;g__Streptosporangium	0	False
k__Bacteria;p__Actinobacteria;c__Rubrobacteria;o__Rubrobacterales;f__Rubrobacteraceae;g__	0	False
k__Bacteria;p__Actinobacteria;c__Acidimicrobiia;o__Acidimicrobiales;f__;g__	0	False
k__Bacteria;p__Actinobacteria;c__Actinobacteria;o__Actinomycetales;f__Streptomycetaceae;g__Streptomyces	0	False
k__Bacteria;p__Chloroflexi;c__Gitt-GS-136;o__;f__;g__	0	False
k__Bacteria;p__Proteobacteria;c__Betaproteobacteria;o__Burkholderiales;f__Oxalobacteraceae;__	0	False
k__Bacteria;p__Proteobacteria;c__Gammaproteobacteria;o__Xanthomonadales;f__Xanthomonadaceae;g__Arenimonas	0	False
k__Bacteria;p__Proteobacteria;c__Deltaproteobacteria;__;__;__	0	False
k__Bacteria;p__Proteobacteria;c__Betaproteobacteria;o__Burkholderiales;f__Comamonadaceae;g__Aquamonas	0	False
k__Bacteria;p__Proteobacteria;c__Deltaproteobacteria;o__NB1-j;f__;g__	0	False
k__Bacteria;p__Proteobacteria;c__Deltaproteobacteria;o__Myxococcales;f__Polyangiaceae;g__Aetherobacter	0	False
k__Bacteria;p__Proteobacteria;c__Deltaproteobacteria;o__Myxococcales;f__;g__	0	False
k__Bacteria;p__Firmicutes;c__Bacilli;o__Bacillales;f__Paenibacillaceae;g__Ammoniphilus	0	False
k__Bacteria;p__Actinobacteria;c__Thermoleophilia;o__Solirubrobacterales;f__Solirubrobacteraceae;g__	0	False
k__Bacteria;p__Chloroflexi;c__Ktedonobacteria;o__TK10;f__;g__	0	False
k__Bacteria;p__Firmicutes;c__Bacilli;o__Bacillales;f__Planococcaceae;g__Solibacillus	0	False
k__Bacteria;p__Actinobacteria;c__Actinobacteria;o__Actinomycetales;f__Intrasporangiaceae;__	0	False
k__Bacteria;p__Proteobacteria;c__Betaproteobacteria;__;__;__	0	False
k__Bacteria;p__Firmicutes;c__Bacilli;o__Bacillales;f__Planococcaceae;g__Bacillus	0	False
k__Bacteria;p__Nitrospirae;c__Nitrospira;o__Nitrospirales;f__0319-6A21;g__	0	False
k__Bacteria;p__Gemmatimonadetes;c__Gemm-1;o__;f__;g__	0	False
k__Bacteria;p__Proteobacteria;c__Betaproteobacteria;o__Nitrosomonadales;f__Nitrosomonadaceae;__	0	False
k__Bacteria;p__Actinobacteria;c__Acidimicrobiia;o__Acidimicrobiales;f__EB1017;g__	0	False
k__Bacteria;p__Acidobacteria;c__Solibacteres;o__Solibacterales;f__;g__	0	False
k__Bacteria;p__Proteobacteria;c__Alphaproteobacteria;o__Rhizobiales;f__Phyllobacteriaceae;__	0	False
k__Bacteria;p__Actinobacteria;c__Actinobacteria;o__Actinomycetales;f__Nakamurellaceae;g__Nakamurella	0	False
k__Bacteria;p__Planctomycetes;c__Planctomycetia;o__Gemmatales;f__Isosphaeraceae;__	0	False
k__Bacteria;p__Bacteroidetes;c__[Saprospirae];o__[Saprospirales];f__Chitinophagaceae;__	0	False
k__Bacteria;p__Acidobacteria;c__[Chloracidobacteria];o__RB41;f__;g__	0	False
k__Bacteria;p__Proteobacteria;c__Gammaproteobacteria;o__Xanthomonadales;f__Xanthomonadaceae;g__Thermomonas	0	False
k__Bacteria;p__Nitrospirae;c__Nitrospira;o__Nitrospirales;f__Nitrospiraceae;g__Nitrospira	0	False
k__Bacteria;p__Proteobacteria;c__Gammaproteobacteria;o__Xanthomonadales;f__Xanthomonadaceae;g__Lysobacter	0	False
k__Bacteria;p__Actinobacteria;c__Actinobacteria;o__Actinomycetales;f__Micromonosporaceae;g__Micromonospora	0	False
k__Bacteria;p__Chloroflexi;c__TK10;o__B07_WMSP1;f__;g__	0	False
k__Bacteria;p__Actinobacteria;c__Thermoleophilia;o__Gaiellales;f__Gaiellaceae;g__	0	False
k__Bacteria;p__Acidobacteria;c__Acidobacteria-6;__;__;__	0	False
k__Bacteria;p__Bacteroidetes;c__Flavobacteriia;o__Flavobacteriales;f__[Weeksellaceae];__	0	False
k__Bacteria;p__Proteobacteria;c__Alphaproteobacteria;__;__;__	0	False
k__Bacteria;p__Acidobacteria;c__iii1-8;o__DS-18;f__;g__	0	False
k__Bacteria;p__Actinobacteria;c__Actinobacteria;o__Actinomycetales;f__Microbacteriaceae;g__Leifsonia	0	False
k__Bacteria;p__Proteobacteria;c__Alphaproteobacteria;o__Rhizobiales;f__Beijerinckiaceae;g__Salinarimonas	0	False
k__Bacteria;p__Firmicutes;c__Bacilli;o__Bacillales;f__Bacillaceae;__	0	False
k__Bacteria;p__Proteobacteria;c__Deltaproteobacteria;o__Desulfuromonadales;f__Pelobacteraceae;g__Desulfuromonas	0	False
k__Bacteria;p__Actinobacteria;c__Thermoleophilia;o__Solirubrobacterales;f__Patulibacteraceae;g__	0	False
k__Bacteria;p__Actinobacteria;c__Actinobacteria;o__Actinomycetales;f__Nakamurellaceae;g__Humicoccus	0	False
k__Bacteria;p__Actinobacteria;c__Actinobacteria;o__Actinomycetales;f__Nocardioidaceae;g__Marmoricola	0	False
k__Bacteria;p__Actinobacteria;c__Thermoleophilia;o__Solirubrobacterales;f__Conexibacteraceae;g__Conexibacter	0	False
k__Bacteria;p__Proteobacteria;c__Alphaproteobacteria;o__Rhizobiales;f__Beijerinckiaceae;__	0	False
k__Bacteria;p__Firmicutes;c__Bacilli;o__Bacillales;f__Planococcaceae;g__Sporosarcina	0	False
k__Bacteria;p__Firmicutes;c__Clostridia;o__Clostridiales;f__Peptostreptococcaceae;g__Clostridium	0	False
k__Bacteria;__;__;__;__;__	0	False
k__Bacteria;p__Acidobacteria;c__Acidobacteria-6;o__iii1-15;f__mb2424;g__	0	False
k__Bacteria;p__Firmicutes;c__Bacilli;o__Bacillales;f__Planococcaceae;g__Paenisporosarcina	0	False
k__Bacteria;p__Proteobacteria;c__Gammaproteobacteria;o__Xanthomonadales;f__Xanthomonadaceae;__	0	False
k__Bacteria;p__Proteobacteria;c__Alphaproteobacteria;o__Rhodobacterales;f__Rhodobacteraceae;__	0	False
k__Bacteria;p__Acidobacteria;c__iii1-8;o__32-20;f__;g__	0	False
k__Bacteria;p__Proteobacteria;c__Alphaproteobacteria;o__Rhizobiales;f__Methylobacteriaceae;__	0	False
k__Bacteria;p__Proteobacteria;c__Gammaproteobacteria;o__Xanthomonadales;f__Sinobacteraceae;g__	0	False
k__Bacteria;p__Actinobacteria;c__Acidimicrobiia;o__Acidimicrobiales;f__C111;g__Ilumatobacter	0	False
k__Bacteria;p__Acidobacteria;c__Acidobacteria-6;o__;f__;g__	0	False
k__Bacteria;p__Actinobacteria;c__Acidimicrobiia;o__Acidimicrobiales;f__AKIW874;g__	0	False
k__Bacteria;p__Proteobacteria;c__Alphaproteobacteria;o__Rhizobiales;f__Rhizobiaceae;__	0	False
k__Bacteria;p__Actinobacteria;c__Actinobacteria;o__Actinomycetales;f__Micrococcaceae;g__Arthrobacter	0	False
k__Bacteria;p__Actinobacteria;c__Thermoleophilia;o__Solirubrobacterales;f__;g__	0	False
k__Bacteria;p__Actinobacteria;c__Actinobacteria;o__Actinomycetales;f__Microbacteriaceae;__	0	False
k__Bacteria;p__Actinobacteria;c__Actinobacteria;o__Actinomycetales;f__Mycobacteriaceae;g__Mycobacterium	0	False
k__Bacteria;p__Actinobacteria;c__Actinobacteria;o__Micrococcales;f__;g__	0	False
k__Bacteria;p__Proteobacteria;c__Gammaproteobacteria;__;__;__	0	False
k__Bacteria;p__Actinobacteria;c__Thermoleophilia;o__Gaiellales;f__Gaiellaceae;g__Gaiella	0	False
k__Bacteria;p__Proteobacteria;c__Alphaproteobacteria;o__Rhizobiales;f__Hyphomicrobiaceae;__	0	False
k__Bacteria;p__Actinobacteria;c__Actinobacteria;o__Actinomycetales;f__Propionibacteriaceae;g__Microlunatus	0	False
k__Bacteria;p__Acidobacteria;c__Acidobacteria-6;o__iii1-15;f__;g__	0	False
k__Bacteria;p__Proteobacteria;c__Alphaproteobacteria;o__Rhizobiales;__;__	0	False
k__Bacteria;p__Proteobacteria;c__Betaproteobacteria;o__Burkholderiales;f__Alcaligenaceae;g__	0	False
k__Bacteria;p__Actinobacteria;c__Actinobacteria;o__Actinomycetales;__;__	0	False
k__Bacteria;p__Actinobacteria;c__MB-A2-108;o__0319-7L14;f__;g__	0	False
k__Bacteria;p__Proteobacteria;c__Deltaproteobacteria;o__Syntrophobacterales;f__Syntrophobacteraceae;g__	0	False
k__Bacteria;p__Proteobacteria;c__Alphaproteobacteria;o__Rhizobiales;f__Bradyrhizobiaceae;__	0	False
k__Bacteria;p__Proteobacteria;c__Alphaproteobacteria;o__Rhodospirillales;f__;g__	0	False
k__Bacteria;p__Chloroflexi;c__Ellin6529;o__;f__;g__	0	False
k__Bacteria;p__Bacteroidetes;c__Cytophagia;o__Cytophagales;f__Cytophagaceae;g__	0	False
k__Bacteria;p__Acidobacteria;c__Acidobacteria-6;o__iii1-15;f__RB40;g__	0	False
k__Bacteria;p__Proteobacteria;c__Alphaproteobacteria;o__Rhodospirillales;f__Rhodospirillaceae;g__Reyranella	0	False
k__Bacteria;p__Actinobacteria;c__Actinobacteria;o__Actinomycetales;f__Micromonosporaceae;g__Dactylosporangium	0	False
k__Bacteria;p__Verrucomicrobia;c__[Spartobacteria];o__[Chthoniobacterales];f__[Chthoniobacteraceae];g__DA101	0	False
k__Bacteria;p__Actinobacteria;c__Actinobacteria;o__Actinomycetales;f__Micromonosporaceae;__	0	False
k__Bacteria;p__;c__;o__;f__;g__	0	False
k__Bacteria;p__Acidobacteria;c__Acidobacteria-6;o__CCU21;f__;g__	0	False
k__Bacteria;p__Proteobacteria;c__Deltaproteobacteria;o__[Entotheonellales];f__[Entotheonellaceae];g__	0	False
k__Bacteria;p__Proteobacteria;c__Zetaproteobacteria;o__Mariprofundales;f__Mariprofundaceae;g__	0	False
k__Bacteria;p__Proteobacteria;c__Alphaproteobacteria;o__Rhodospirillales;f__Rhodospirillaceae;__	0	False
k__Bacteria;p__Chloroflexi;c__Thermomicrobia;o__JG30-KF-CM45;f__;g__	0	False
k__Bacteria;p__Proteobacteria;c__Betaproteobacteria;o__Burkholderiales;f__Comamonadaceae;__	0	False
k__Bacteria;p__Actinobacteria;c__Actinobacteria;o__Actinomycetales;f__Thermomonosporaceae;g__Actinomadura	0	False
k__Bacteria;p__Proteobacteria;c__Betaproteobacteria;o__Rhodocyclales;f__Rhodocyclaceae;__	0	False
k__Bacteria;p__Acidobacteria;c__PAUC37f;o__;f__;g__	0	False
k__Bacteria;p__Firmicutes;c__Bacilli;o__Bacillales;__;__	0	False
k__Bacteria;p__Firmicutes;c__Bacilli;o__Bacillales;f__Bacillaceae;g__Bacillus	0	False
k__Bacteria;p__Actinobacteria;__;__;__;__	0	False
k__Bacteria;p__Actinobacteria;c__Thermoleophilia;o__Gaiellales;f__;g__	0	False
k__Bacteria;p__Actinobacteria;c__Actinobacteria;o__Actinomycetales;f__Streptomycetaceae;__	0	False
k__Bacteria;p__Actinobacteria;c__Actinobacteria;o__Actinomycetales;f__Nocardioidaceae;g__Nocardioides	0	False
k__Bacteria;p__Actinobacteria;c__Acidimicrobiia;o__Acidimicrobiales;f__Iamiaceae;g__Iamia	0	False
k__Bacteria;p__Actinobacteria;c__Actinobacteria;o__Actinomycetales;f__Geodermatophilaceae;g__Blastococcus	0	False
k__Bacteria;p__Actinobacteria;c__Actinobacteria;o__Actinomycetales;f__Nocardioidaceae;g__Kribbella	0	False
k__Bacteria;p__Verrucomicrobia;c__[Spartobacteria];o__[Chthoniobacterales];f__[Chthoniobacteraceae];g__Candidatus Xiphinematobacter	0	False
k__Bacteria;p__Proteobacteria;c__Gammaproteobacteria;o__Xanthomonadales;f__Sinobacteraceae;g__Steroidobacter	0	False
k__Bacteria;p__Actinobacteria;c__Thermoleophilia;o__Solirubrobacterales;f__Solirubrobacteraceae;g__Solirubrobacter	0	False
k__Bacteria;p__Actinobacteria;c__Thermoleophilia;o__Solirubrobacterales;f__Conexibacteraceae;g__	0	False
k__Bacteria;p__Proteobacteria;c__Alphaproteobacteria;o__Rhizobiales;f__Xanthobacteraceae;__	0	False
k__Bacteria;p__Proteobacteria;c__Betaproteobacteria;o__A21b;f__EB1003;g__	0	False
k__Bacteria;p__Proteobacteria;c__Deltaproteobacteria;o__Myxococcales;f__Haliangiaceae;g__	0	False
k__Bacteria;p__Chloroflexi;c__Thermomicrobia;o__AKYG1722;f__;g__	0	False
k__Bacteria;p__Chloroflexi;c__TK10;o__B07_WMSP1;__;__	0	False
k__Bacteria;p__Actinobacteria;c__Actinobacteria;o__Actinomycetales;f__Williamsiaceae;g__Williamsia	0	False
k__Bacteria;p__WS3;c__PRR-12;o__Sediment-1;f__PRR-10;g__	0	False
k__Bacteria;p__Actinobacteria;c__Actinobacteria;o__Actinomycetales;f__Nocardiopsaceae;__	0	False
k__Bacteria;p__Actinobacteria;c__Actinobacteria;o__Actinomycetales;f__Pseudonocardiaceae;g__Actinophytocola	0	False
k__Bacteria;p__Verrucomicrobia;c__[Pedosphaerae];o__[Pedosphaerales];f__auto67_4W;g__	0	False
k__Bacteria;p__Proteobacteria;c__Alphaproteobacteria;o__Sphingomonadales;f__Sphingomonadaceae;g__Sphingomonas	0	False
k__Bacteria;p__Firmicutes;c__Clostridia;o__Clostridiales;f__Peptostreptococcaceae;g__[Clostridium]	0	False
k__Bacteria;p__Actinobacteria;c__Actinobacteria;o__Actinomycetales;f__Intrasporangiaceae;g__Oryzihumus	0	False
k__Bacteria;p__Proteobacteria;c__Alphaproteobacteria;o__Caulobacterales;f__Caulobacteraceae;g__Caulobacter	0	False
k__Bacteria;p__Chloroflexi;c__TK10;o__AKYG885;f__Dolo_23;g__	0	False
k__Bacteria;p__Actinobacteria;c__Acidimicrobiia;o__Acidimicrobiales;f__Iamiaceae;g__	0	False
k__Bacteria;p__Actinobacteria;c__Actinobacteria;o__Actinomycetales;f__Pseudonocardiaceae;g__Actinomycetospora	0	False
k__Bacteria;p__Armatimonadetes;c__0319-6E2;o__;f__;g__	0	False
k__Bacteria;p__WS3;c__PRR-12;o__LD1-PA13;f__;g__	0	False
k__Bacteria;p__Actinobacteria;c__Thermoleophilia;o__Solirubrobacterales;f__Conexibacteraceae;__	0	False
k__Bacteria;p__Actinobacteria;c__Actinobacteria;o__Actinomycetales;f__Intrasporangiaceae;g__Tetrasphaera	0	False
k__Bacteria;p__Actinobacteria;c__Rubrobacteria;o__Rubrobacterales;f__Rubrobacteraceae;g__Rubrobacter	0	False
k__Bacteria;p__Proteobacteria;c__Deltaproteobacteria;o__Myxococcales;f__Nannocystaceae;g__Nannocystis	0	False
k__Bacteria;p__Actinobacteria;c__Thermoleophilia;o__Solirubrobacterales;f__Solirubrobacteraceae;__	0	False
k__Bacteria;p__Chloroflexi;c__S085;o__;f__;g__	0	False
k__Bacteria;p__Bacteroidetes;c__Sphingobacteriia;o__Sphingobacteriales;f__Sphingobacteriaceae;g__Solitalea	0	False
k__Bacteria;p__Acidobacteria;c__Solibacteres;o__Solibacterales;__;__	0	False
k__Bacteria;p__Acidobacteria;c__Acidobacteriia;o__Acidobacteriales;f__Acidobacteriaceae;g__Acidopila	0	False
k__Bacteria;p__Actinobacteria;c__Actinobacteria;o__Actinomycetales;f__Cellulomonadaceae;g__Cellulomonas	0	False
k__Bacteria;p__Proteobacteria;c__Deltaproteobacteria;o__Myxococcales;f__Nannocystaceae;g__Plesiocystis	0	False
k__Bacteria;p__Bacteroidetes;c__Flavobacteriia;o__Flavobacteriales;f__Flavobacteriaceae;g__Flavobacterium	0	False
k__Bacteria;p__Bacteroidetes;c__Cytophagia;o__Cytophagales;f__Cytophagaceae;g__Adhaeribacter	0	False
k__Bacteria;p__Proteobacteria;c__Alphaproteobacteria;o__;f__;g__	0	False
k__Bacteria;p__Actinobacteria;c__Actinobacteria;o__Actinomycetales;f__Microbacteriaceae;g__Herbiconiux	0	False
k__Bacteria;p__Verrucomicrobia;c__Opitutae;o__Opitutales;f__Opitutaceae;g__	0	False
k__Bacteria;p__Proteobacteria;c__Deltaproteobacteria;o__Myxococcales;f__OM27;g__	0	False
k__Bacteria;p__Actinobacteria;c__Acidimicrobiia;o__Acidimicrobiales;__;__	0	False
k__Bacteria;p__Acidobacteria;c__Acidobacteriia;o__Acidobacteriales;f__Acidobacteriaceae;__	0	False
k__Bacteria;p__Proteobacteria;c__Alphaproteobacteria;o__Sphingomonadales;f__Sphingomonadaceae;__	0	False
k__Bacteria;p__Proteobacteria;c__Alphaproteobacteria;o__Rhizobiales;f__Hyphomicrobiaceae;g__Hyphomicrobium	0	False
k__Bacteria;p__Proteobacteria;c__Alphaproteobacteria;o__Rhodobacterales;f__Rhodobacteraceae;g__Antarcticicola	0	False
k__Bacteria;p__Fibrobacteres;c__Fibrobacteria;o__258ds10;f__;g__	0	False
k__Bacteria;p__Gemmatimonadetes;c__Gemmatimonadetes;o__Ellin5290;f__;g__	0	False
k__Bacteria;p__Firmicutes;c__Bacilli;o__Bacillales;f__Paenibacillaceae;g__Paenibacillus	0	False
k__Bacteria;p__WS3;c__PRR-12;o__Sediment-1;f__;g__	0	False
k__Bacteria;p__Actinobacteria;c__Actinobacteria;o__Actinomycetales;f__Nocardiaceae;g__Rhodococcus	0	False
k__Bacteria;p__Acidobacteria;c__Solibacteres;o__Solibacterales;f__PK34;g__	0	False
k__Bacteria;p__Chloroflexi;c__TK10;o__AKYG885;f__5B-12;g__	0	False
k__Bacteria;p__Bacteroidetes;c__[Saprospirae];o__[Saprospirales];f__Saprospiraceae;g__	0	False
k__Bacteria;p__Firmicutes;c__Clostridia;o__Clostridiales;f__Veillonellaceae;g__Pelosinus	0	False
k__Bacteria;p__Planctomycetes;c__Planctomycetia;o__Pirellulales;f__Pirellulaceae;g__A17	0	False
k__Bacteria;p__Proteobacteria;c__Gammaproteobacteria;o__Xanthomonadales;f__Xanthomonadaceae;g__Pseudofulvimonas	0	False
k__Bacteria;p__Actinobacteria;c__Actinobacteria;o__Actinomycetales;f__Corynebacteriaceae;g__Corynebacterium	0	False
k__Bacteria;p__Actinobacteria;c__Actinobacteria;o__Actinomycetales;f__Geodermatophilaceae;g__Actinotelluria	0	False
k__Bacteria;p__Proteobacteria;c__Alphaproteobacteria;o__Rhizobiales;f__Xanthobacteraceae;g__Ancylobacter	0	False
k__Bacteria;p__Chloroflexi;c__Anaerolineae;o__Caldilineales;f__Caldilineaceae;g__	0	False
k__Archaea;p__Crenarchaeota;c__Thaumarchaeota;o__Nitrososphaerales;f__Nitrososphaeraceae;__	0	False
k__Bacteria;p__Firmicutes;c__Bacilli;o__Bacillales;f__Alicyclobacillaceae;g__Alicyclobacillus	0	False
k__Bacteria;p__Proteobacteria;c__Gammaproteobacteria;o__Xanthomonadales;f__Xanthomonadaceae;g__Aspromonas	0	False
k__Bacteria;p__Acidobacteria;c__Acidobacteriia;o__Acidobacteriales;__;__	0	False
k__Archaea;p__Crenarchaeota;c__Thaumarchaeota;o__Nitrososphaerales;f__Nitrososphaeraceae;g__	0	False
k__Bacteria;p__Actinobacteria;c__Thermoleophilia;o__Gaiellales;f__Gaiellaceae;__	0	False
k__Bacteria;p__Actinobacteria;c__Actinobacteria;o__Actinomycetales;f__Promicromonosporaceae;__	0	False
k__Bacteria;p__Proteobacteria;c__Gammaproteobacteria;o__Enterobacteriales;f__Enterobacteriaceae;g__Pseudomonas	0	False
k__Bacteria;p__Proteobacteria;c__Betaproteobacteria;o__;f__;g__	0	False
k__Bacteria;p__Firmicutes;c__Bacilli;o__Bacillales;f__Planococcaceae;g__Kurthia	0	False
k__Bacteria;p__Actinobacteria;c__Actinobacteria;o__Actinomycetales;f__Micromonosporaceae;g__Actinoplanes	0	False
k__Bacteria;p__Proteobacteria;c__Deltaproteobacteria;o__Desulfuromonadales;__;__	0	False
k__Bacteria;p__Proteobacteria;c__Alphaproteobacteria;o__Sphingomonadales;f__Erythrobacteraceae;__	0	False
k__Bacteria;p__Gemmatimonadetes;c__Gemmatimonadetes;o__;f__;g__	0	False
k__Bacteria;p__Actinobacteria;c__Actinobacteria;o__Actinomycetales;f__Actinosynnemataceae;__	0	False
k__Bacteria;p__Proteobacteria;c__Alphaproteobacteria;o__Rhizobiales;f__Rhizobiaceae;g__Rhizobium	0	False
k__Bacteria;p__Proteobacteria;c__Betaproteobacteria;o__MND1;f__;g__	0	False
k__Bacteria;p__Acidobacteria;c__S035;o__;f__;g__	0	False
k__Bacteria;p__Actinobacteria;c__Actinobacteria;o__Actinomycetales;f__Kineosporiaceae;g__Kineosporia	0	False
k__Bacteria;p__Actinobacteria;c__Actinobacteria;o__Actinomycetales;f__Nocardioidaceae;__	0	False
k__Bacteria;p__Acidobacteria;c__Solibacteres;o__Solibacterales;f__[Bryobacteraceae];g__	0	False
k__Bacteria;p__Actinobacteria;c__Actinobacteria;o__Actinomycetales;f__Cryptosporangiaceae;g__	0	False
k__Bacteria;p__Actinobacteria;c__Acidimicrobiia;o__Acidimicrobiales;f__koll13;g__	0	False
k__Bacteria;p__Actinobacteria;c__Acidimicrobiia;o__Acidimicrobiales;f__Microthrixaceae;g__	0	False
k__Bacteria;p__Proteobacteria;c__Alphaproteobacteria;o__Rhizobiales;f__Beijerinckiaceae;g__Methylocapsa	0	False
k__Bacteria;p__Actinobacteria;c__Actinobacteria;__;__;__	0	False
k__Bacteria;p__Proteobacteria;c__Deltaproteobacteria;o__Myxococcales;f__Cystobacteraceae;__	0	False
k__Bacteria;p__Proteobacteria;c__Gammaproteobacteria;o__Xanthomonadales;f__Xanthomonadaceae;g__Pseudoxanthomonas	0	False
k__Bacteria;p__Proteobacteria;c__Alphaproteobacteria;o__Rhodospirillales;f__Acetobacteraceae;__	0	False
k__Bacteria;p__Acidobacteria;c__BPC102;o__MVS-40;f__;g__	0	False
k__Bacteria;p__Proteobacteria;c__Betaproteobacteria;o__Neisseriales;f__Neisseriaceae;__	0	False
k__Bacteria;p__Acidobacteria;c__[Chloracidobacteria];o__PK29;f__;g__	0	False
k__Bacteria;p__Planctomycetes;c__Planctomycetia;o__Pirellulales;f__Pirellulaceae;g__	0	False
k__Bacteria;p__Planctomycetes;c__Planctomycetia;o__Gemmatales;f__Gemmataceae;g__Gemmata	0	False
k__Bacteria;p__Acidobacteria;c__DA052;o__Ellin6513;f__;g__	0	False
k__Bacteria;p__Actinobacteria;c__Actinobacteria;o__Actinomycetales;f__Pseudonocardiaceae;__	0	False
k__Bacteria;p__Gemmatimonadetes;c__Gemm-5;o__;f__;g__	0	False
k__Bacteria;p__Proteobacteria;c__Alphaproteobacteria;o__Rhizobiales;f__Methylocystaceae;g__Rhodoblastus	0	False
k__Bacteria;p__Proteobacteria;c__Deltaproteobacteria;o__NB1-j;f__MND4;g__	0	False
k__Bacteria;p__Acidobacteria;c__[Chloracidobacteria];o__RB41;f__Ellin6075;g__	0	False
k__Bacteria;p__Actinobacteria;c__Actinobacteria;o__Actinomycetales;f__Frankiaceae;g__Actinomycetales	0	False
k__Bacteria;p__Planctomycetes;c__Planctomycetia;o__Pirellulales;f__Pirellulaceae;g__Pirellula	0	False
k__Archaea;p__Crenarchaeota;c__Thaumarchaeota;o__Nitrososphaerales;f__Nitrososphaeraceae;g__Candidatus Nitrososphaera	0	False
k__Bacteria;p__Proteobacteria;c__Alphaproteobacteria;o__Rhodobacterales;f__Rhodobacteraceae;g__Rhodobacter	0	False
k__Bacteria;p__Proteobacteria;c__Alphaproteobacteria;o__Rhodobacterales;f__Rhodobacteraceae;g__Oceanicella	0	False
k__Bacteria;p__Proteobacteria;c__Deltaproteobacteria;o__Myxococcales;f__Polyangiaceae;__	0	False
k__Bacteria;p__Acidobacteria;c__Solibacteres;o__Solibacterales;f__Solibacteraceae;g__Candidatus Solibacter	0	False
k__Bacteria;p__Planctomycetes;c__;o__;f__;g__	0	False
k__Bacteria;p__Acidobacteria;c__RB25;o__;f__;g__	0	False
k__Bacteria;p__Proteobacteria;c__Alphaproteobacteria;o__Rhodospirillales;f__Rhodospirillaceae;g__Skermanella	0	False
k__Bacteria;p__Planctomycetes;c__Planctomycetia;o__Gemmatales;f__Gemmataceae;g__	0	False
k__Bacteria;p__Actinobacteria;c__Actinobacteria;o__Actinomycetales;f__Nocardiaceae;__	0	False
k__Bacteria;p__Actinobacteria;c__Actinobacteria;o__Actinomycetales;f__Propionibacteriaceae;g__Propionibacterium	0	False
k__Bacteria;p__Planctomycetes;c__028H05-P-BN-P5;o__;f__;g__	0	False
k__Bacteria;p__Proteobacteria;c__Betaproteobacteria;o__Nitrosomonadales;f__Nitrosomonadaceae;g__Nitrosospira	0	False
k__Bacteria;p__Planctomycetes;c__Planctomycetia;o__Gemmatales;f__Isosphaeraceae;g__Singulisphaera	0	False
k__Bacteria;p__Proteobacteria;c__Alphaproteobacteria;o__Rhizobiales;f__Hyphomicrobiaceae;g__Rhodomicrobium	0	False
k__Bacteria;p__Proteobacteria;c__Deltaproteobacteria;o__Myxococcales;__;__	0	False
k__Bacteria;p__Firmicutes;c__Clostridia;o__Clostridiales;f__Clostridiaceae;g__Clostridium	0	False
k__Bacteria;p__Actinobacteria;c__Actinobacteria;o__Actinomycetales;f__Thermomonosporaceae;__	0	False
k__Bacteria;p__Cyanobacteria;c__Nostocophycideae;o__Nostocales;f__Nostocaceae;__	0	False
