index,k__Eukaryota_kgd_Incertae_sedis;p__Eukaryota_phy_Incertae_sedis;c__Eukaryota_cls_Incertae_sedis;o__Eukaryota_ord_Incertae_sedis,k__Fungi;p__Ascomycota;c__Dothideomycetes;o__Pleosporales,k__Fungi;p__Ascomycota;c__Sordariomycetes;o__Glomerellales,k__Fungi;p__Basidiomycota;c__Tremellomycetes;o__Trichosporonales,k__Fungi;p__Mortierellomycota;c__Mortierellomycetes;o__Mortierellales,k__Fungi;__;__;__,k__Fungi;p__Ascomycota;c__Leotiomycetes;o__Helotiales,k__Fungi;p__Ascomycota;c__Eurotiomycetes;o__Chaetothyriales,k__Fungi;p__Ascomycota;c__Sordariomycetes;o__Hypocreales,k__Fungi;p__Basidiomycota;c__Tremellomycetes;o__Filobasidiales,k__Fungi;p__Basidiomycota;c__Agaricomycetes;o__Agaricales,k__Fungi;p__Basidiomycota;c__Tremellomycetes;o__Tremellales,k__Fungi;p__Fungi_phy_Incertae_sedis;c__Fungi_cls_Incertae_sedis;o__Fungi_ord_Incertae_sedis,k__Fungi;p__Zoopagomycota;c__Zoopagomycetes;o__Zoopagales,k__Fungi;p__Ascomycota;c__Saccharomycetes;o__Saccharomycetales,k__Fungi;p__Ascomycota;c__Sordariomycetes;o__Sordariales,k__Fungi;p__Ascomycota;c__Pezizomycotina_cls_Incertae_sedis;o__Pezizomycotina_ord_Incertae_sedis,k__Fungi;p__Ascomycota;c__Pezizomycetes;o__Pezizales,k__Rhizaria;p__Cercozoa;c__Cercozoa_cls_Incertae_sedis;o__Cercozoa_ord_Incertae_sedis,k__Fungi;p__Ascomycota;__;__,k__Fungi;p__Basidiomycota;c__Basidiomycota_cls_Incertae_sedis;o__Basidiomycota_ord_Incertae_sedis,k__Fungi;p__Ascomycota;c__Eurotiomycetes;o__Eurotiales,k__Fungi;p__Ascomycota;c__Ascomycota_cls_Incertae_sedis;o__Ascomycota_ord_Incertae_sedis,k__Fungi;p__Rozellomycota;c__Rozellomycotina_cls_Incertae_sedis;o__GS11,k__Fungi;p__Ascomycota;c__Archaeorhizomycetes;o__Archaeorhizomycetales,k__Fungi;p__Basidiomycota;c__Agaricomycetes;o__Trechisporales,k__Fungi;p__Ascomycota;c__Leotiomycetes;o__Thelebolales,k__Fungi;p__Basidiomycota;c__Agaricomycetes;__,k__Fungi;p__Basidiomycota;c__Malasseziomycetes;o__Malasseziales,k__Fungi;p__Ascomycota;c__Dothideomycetes;o__Cladosporiales,Unassigned;__;__;__,k__Fungi;p__Basidiomycota;c__Agaricomycetes;o__Agaricomycetes_ord_Incertae_sedis,k__Fungi;p__Basidiomycota;c__Microbotryomycetes;o__Microbotryales,k__Fungi;p__Ascomycota;c__Sordariomycetes;o__Sordariomycetes_ord_Incertae_sedis,k__Fungi;p__Basidiomycota;c__Agaricomycetes;o__Tremellodendropsidales,k__Fungi;p__Chytridiomycota;c__Rhizophydiomycetes;o__Rhizophydiales,k__Fungi;p__Ascomycota;c__Eurotiomycetes;o__Onygenales,k__Fungi;p__Ascomycota;c__Sordariomycetes;o__Coniochaetales,k__Fungi;p__Kickxellomycota;c__Kickxellomycota_cls_Incertae_sedis;o__Kickxellomycota_ord_Incertae_sedis,k__Fungi;p__Ascomycota;c__Laboulbeniomycetes;o__Pyxidiophorales,k__Fungi;p__Basidiomycota;c__Agaricomycetes;o__Boletales,k__Fungi;p__Ascomycota;c__Sordariomycetes;__,k__Fungi;p__Olpidiomycota;c__Olpidiomycetes;o__Olpidiales,k__Fungi;p__Kickxellomycota;c__GS19;o__GS19_ord_Incertae_sedis,k__Fungi;p__Basidiomycota;c__Microbotryomycetes;o__Sporidiobolales,k__Fungi;p__Basidiomycota;c__Agaricomycetes;o__Sebacinales,k__Fungi;p__Ascomycota;c__Sordariomycetes;o__Amphisphaeriales,k__Fungi;p__Ascomycota;c__Pezizomycetes;o__Pezizomycetes_ord_Incertae_sedis,k__Fungi;p__Ascomycota;c__Sordariomycetes;o__Microascales,k__Fungi;p__Ascomycota;c__Sordariomycetes;o__Ophiostomatales,k__Fungi;p__Rozellomycota;c__Rozellomycota_cls_Incertae_sedis;o__Rozellomycota_ord_Incertae_sedis,k__Fungi;p__Basidiomycota;c__Tremellomycetes;o__Cystofilobasidiales,k__Fungi;p__Ascomycota;c__Sordariomycetes;o__Myrmecridiales,k__Ichthyosporia;p__Ichthyosporia_phy_Incertae_sedis;c__Ichthyosporea;o__Ichthyosporea_ord_Incertae_sedis,k__Fungi;p__Ascomycota;c__GS35;o__GS35_ord_Incertae_sedis,k__Fungi;p__Ascomycota;c__Dothideomycetes;o__Mycosphaerellales,k__Fungi;p__Ascomycota;c__Geoglossomycetes;o__Geoglossales,k__Fungi;p__Chytridiomycota;c__Cladochytriomycetes;o__Cladochytriales,k__Fungi;p__Ascomycota;c__Sordariomycetes;o__Xylariales,k__Fungi;p__Ascomycota;c__Sordariomycetes;o__Phomatosporales,k__Fungi;p__Ascomycota;c__Dothideomycetes;o__Gloniales,k__Fungi;p__Rozellomycota;c__Rozellomycotina_cls_Incertae_sedis;o__GS07,k__Fungi;p__Basidiomycota;c__Agaricostilbomycetes;o__Agaricostilbales,k__Fungi;p__Zoopagomycota;c__Zoopagomycota_cls_Incertae_sedis;o__Zoopagomycota_ord_Incertae_sedis,k__Fungi;p__Rozellomycota;c__Rozellomycotina_cls_Incertae_sedis;o__Branch03,k__Fungi;p__Basidiomycota;c__Pucciniomycetes;o__Platygloeales,k__Fungi;p__Basidiomycota;c__Agaricomycetes;o__Cantharellales,k__Fungi;p__Chytridiomycota;c__Spizellomycetes;o__Spizellomycetales,k__Fungi;p__Ascomycota;c__Sordariomycetes;o__Branch06,k__Fungi;p__Monoblepharomycota;c__Monoblepharidomycetes;o__Monoblepharidales,k__Fungi;p__Basidiomycota;c__Microbotryomycetes;o__Microbotryomycetes_ord_Incertae_sedis,k__Fungi;p__Ascomycota;c__Dothideomycetes;o__Capnodiales,k__Fungi;p__Ascomycota;c__Sordariomycetes;o__Chaetosphaeriales,k__Fungi;p__Blastocladiomycota;c__Blastocladiomycetes;o__Blastocladiales,k__Fungi;p__Chytridiomycota;c__Chytridiomycetes;o__Chytridiomycetes_ord_Incertae_sedis,k__Fungi;p__Ascomycota;c__Leotiomycetes;o__Leotiomycetes_ord_Incertae_sedis,k__Fungi;p__Glomeromycota;c__Glomeromycetes;o__Glomerales,k__Fungi;p__Ascomycota;c__Dothideomycetes;o__Muyocopronales,k__Fungi;p__Ascomycota;c__Lecanoromycetes;o__Lecanorales,k__Fungi;p__Mucoromycota;c__Mucoromycotina_cls_Incertae_sedis;o__Mucoromycotina_ord_Incertae_sedis,k__Fungi;p__Ascomycota;c__Sareomycetes;o__Sareales,k__Fungi;p__Basidiomycota;c__Agaricomycetes;o__Polyporales,k__Fungi;p__Ascomycota;c__Sordariomycetes;o__Pleurotheciales,k__Fungi;p__Ascomycota;c__Orbiliomycetes;o__Orbiliales,k__Fungi;p__Basidiomycota;c__Microbotryomycetes;o__Leucosporidiales,k__Fungi;p__Chytridiomycota;c__Chytridiomycota_cls_Incertae_sedis;o__Chytridiomycota_ord_Incertae_sedis,k__Fungi;p__Ascomycota;c__Laboulbeniomycetes;o__Laboulbeniomycetes_ord_Incertae_sedis,k__Fungi;p__Chytridiomycota;c__Lobulomycetes;o__Lobulomycetales,k__Fungi;p__Ascomycota;c__Dothideomycetes;o__Dothideomycetes_ord_Incertae_sedis,k__Fungi;p__Glomeromycota;c__Glomeromycetes;o__Diversisporales,k__Fungi;p__Ascomycota;c__Sordariomycetes;o__Savoryellales,k__Fungi;p__Basidiomycota;c__Agaricomycetes;o__Amylocorticiales,k__Fungi;p__Rozellomycota;c__Rozellomycotina_cls_Incertae_sedis;o__GS05,k__Fungi;p__Ascomycota;c__Dothideomycetes;o__Acrospermales,k__Fungi;p__Basidiomycota;c__Ustilaginomycetes;o__Ustilaginales,k__Fungi;p__Basidiomycota;c__Agaricomycetes;o__Thelephorales,k__Fungi;p__Basidiomycota;c__Cystobasidiomycetes;o__Cystobasidiales,k__Fungi;p__Kickxellomycota;c__Ramicandelaberomycetes;o__Ramicandelaberales,k__Fungi;p__Ascomycota;c__Leotiomycetes;__,k__Fungi;p__Basidiomycota;c__Microbotryomycetes;o__Kriegeriales,k__Fungi;p__Basidiomycota;c__Agaricomycetes;o__Auriculariales,k__Fungi;p__Chytridiomycota;__;__,k__Fungi;p__Ascomycota;c__Dothideomycetes;o__Tubeufiales,k__Fungi;p__Glomeromycota;c__Paraglomeromycetes;o__Paraglomerales,k__Fungi;p__Chytridiomycota;c__Rhizophlyctidomycetes;o__Rhizophlyctidales,k__Fungi;p__Kickxellomycota;c__Kickxellomycetes;o__Kickxellales,k__Fungi;p__Ascomycota;c__Dothideomycetes;o__Venturiales,k__Rhizaria;p__Cercozoa;c__Cercozoa_cls_Incertae_sedis;o__Thaumatomonadida,k__Fungi;p__Basidiomycota;c__Geminibasidiomycetes;o__Geminibasidiales,k__Fungi;p__Monoblepharomycota;c__Hyaloraphidiomycetes;o__Hyaloraphidiales,k__Fungi;p__Ascomycota;c__Sordariomycetes;o__Magnaporthales,k__Fungi;p__Basidiomycota;c__Microbotryomycetes;o__Heterogastridiales,k__Fungi;p__Mucoromycota;c__Mucoromycetes;o__Mucorales,k__Fungi;p__Glomeromycota;c__Glomeromycetes;o__Entrophosporales,k__Rhizaria;p__Cercozoa;c__Cercozoa_cls_Incertae_sedis;__,k__Fungi;p__Ascomycota;c__Dothideomycetes;__,k__Rhizaria;p__Cercozoa;c__Cercozoa_cls_Incertae_sedis;o__Cercomonadida,k__Fungi;p__Ascomycota;c__Eurotiomycetes;o__Eurotiomycetes_ord_Incertae_sedis,k__Fungi;p__Ascomycota;c__Eurotiomycetes;o__Arachnomycetales,k__Fungi;p__Chytridiomycota;c__Chytridiomycetes;o__Chytridiales,k__Fungi;p__Chytridiomycota;c__GS14;o__GS14_ord_Incertae_sedis,k__Fungi;p__Glomeromycota;c__Archaeosporomycetes;o__Archaeosporales,k__Fungi;p__Rozellomycota;c__Rozellomycotina_cls_Incertae_sedis;o__GS08,k__Fungi;p__Basidiomycota;c__Exobasidiomycetes;o__Entylomatales,k__Fungi;p__Ascomycota;c__Leotiomycetes;o__Leotiales,k__Fungi;p__Blastocladiomycota;c__Physodermatomycetes;o__Physodermatales,k__Fungi;p__Blastocladiomycota;c__Blastocladiomycota_cls_Incertae_sedis;o__Blastocladiomycota_ord_Incertae_sedis,k__Fungi;p__Ascomycota;c__Dothideomycetes;o__Minutisphaerales,k__Fungi;p__Ascomycota;c__Eurotiomycetes;o__Sclerococcales,k__Fungi;p__Rozellomycota;c__Rozellomycotina_cls_Incertae_sedis;o__GS10,k__Fungi;p__Basidiomycota;c__Spiculogloeomycetes;o__Spiculogloeales,k__Fungi;p__Ascomycota;c__Dothideomycetes;o__Dothideales,k__Fungi;p__Basidiomycota;c__Atractiellomycetes;o__Atractiellales,k__Stramenopila;p__Ochrophyta;c__Bacillariophyceae;o__Naviculales,k__Fungi;p__Ascomycota;c__Sordariomycetes;o__Xylariomycetidae_ord_Incertae_sedis,k__Viridiplantae;p__Anthophyta;c__Eudicotyledonae;__,k__Fungi;p__Aphelidiomycota;c__Aphelidiomycetes;o__GS16,k__Fungi;p__Basidiomycota;c__Ustilaginomycetes;o__Urocystidales,k__Fungi;p__Sanchytriomycota;c__Sanchytriomycetes;o__Sanchytriales,k__Fungi;p__Basidiomycota;c__Ustilaginomycetes;o__Violaceomycetales,k__Fungi;p__Basidiomycota;c__Cystobasidiomycetes;o__Cystobasidiomycetes_ord_Incertae_sedis,k__Metazoa;p__Chordata;c__Actinopterygii;__,k__Fungi;p__Ascomycota;c__Sordariomycetes;o__Cephalothecales,k__Fungi;p__Ascomycota;c__Eurotiomycetes;o__Mycocaliciales,k__Fungi;p__Basidiomycota;c__Agaricomycetes;o__Geastrales,k__Fungi;p__Basidiomycota;c__Agaricomycetes;o__Hymenochaetales,k__Fungi;p__Mortierellomycota;c__Mortierellomycota_cls_Incertae_sedis;o__Mortierellomycota_ord_Incertae_sedis,k__Fungi;p__Basidiomycota;c__Tremellomycetes;__,k__Fungi;p__Monoblepharomycota;__;__,k__Fungi;p__Basidiomycota;__;__,k__Fungi;p__Basidiobolomycota;c__Basidiobolomycota_cls_Incertae_sedis;o__Basidiobolomycota_ord_Incertae_sedis,k__Fungi;p__Basidiomycota;c__Tremellomycetes;o__Tremellomycetes_ord_Incertae_sedis,k__Fungi;p__Basidiomycota;c__Cystobasidiomycetes;o__Sakaguchiales,k__Fungi;p__Ascomycota;c__Sordariomycetes;o__Diaporthales,k__Ichthyosporia;p__Ichthyosporia_phy_Incertae_sedis;c__Ichthyosporia_cls_Incertae_sedis;o__Ichthyosporia_ord_Incertae_sedis,site_code,Year_est,Age,OS_location,Lat_long,Establishment,pH,EC,Cutting,Cattle,Sheep,Plough,Age_category
Whitelands_2018_19,1197.0,1398.0,1823.0,39.0,825.0,237.0,812.0,148.0,908.0,489.0,201.0,155.0,174.0,102.0,35.0,1067.0,74.0,46.0,5.0,118.0,269.0,69.0,64.0,0.0,0.0,0.0,31.0,0.0,0.0,9.0,33.0,0.0,0.0,115.0,0.0,11.0,21.0,6.0,5.0,7.0,0.0,2.0,7.0,0.0,25.0,206.0,0.0,0.0,5.0,43.0,10.0,10.0,10.0,1.0,0.0,0.0,0.0,3.0,6.0,3.0,0.0,2.0,10.0,0.0,23.0,0.0,12.0,1.0,0.0,0.0,4.0,21.0,0.0,0.0,0.0,0.0,18.0,0.0,0.0,0.0,0.0,0.0,3.0,51.0,5.0,3.0,0.0,0.0,5.0,0.0,0.0,0.0,4.0,0.0,0.0,0.0,4.0,0.0,0.0,0.0,0.0,0.0,0.0,6.0,0.0,0.0,0.0,0.0,0.0,0.0,0.0,0.0,1.0,0.0,0.0,0.0,0.0,0.0,3.0,0.0,0.0,0.0,0.0,0.0,0.0,0.0,0.0,0.0,0.0,0.0,0.0,0.0,0.0,0.0,0.0,0.0,0.0,0.0,0.0,0.0,0.0,0.0,0.0,0.0,0.0,0.0,0.0,0.0,0.0,0.0,0.0,0.0,0.0,0.0,0.0,1.0,2018,3,SU2990087100,"51.581972, -1.5698756",seed_mix,pH_8,136.4,No,No,Yes,Yes,New
Castle_Field_West_(W),3183.0,676.0,409.0,342.0,1128.0,668.0,1114.0,149.0,1369.0,281.0,101.0,155.0,192.0,190.0,135.0,202.0,26.0,35.0,57.0,41.0,0.0,196.0,29.0,0.0,0.0,0.0,7.0,0.0,0.0,9.0,49.0,12.0,0.0,20.0,0.0,74.0,0.0,0.0,0.0,0.0,0.0,0.0,0.0,0.0,25.0,8.0,0.0,0.0,24.0,0.0,5.0,1.0,0.0,16.0,0.0,0.0,0.0,0.0,0.0,0.0,0.0,51.0,0.0,0.0,0.0,0.0,0.0,0.0,2.0,0.0,0.0,0.0,0.0,0.0,0.0,0.0,0.0,0.0,2.0,0.0,0.0,0.0,0.0,0.0,0.0,0.0,0.0,0.0,0.0,0.0,0.0,0.0,0.0,0.0,0.0,0.0,0.0,8.0,0.0,0.0,0.0,0.0,0.0,0.0,0.0,0.0,2.0,0.0,0.0,0.0,0.0,0.0,0.0,0.0,0.0,0.0,0.0,0.0,0.0,0.0,0.0,0.0,0.0,0.0,0.0,0.0,0.0,0.0,0.0,0.0,0.0,0.0,0.0,0.0,0.0,0.0,0.0,7.0,0.0,0.0,0.0,0.0,0.0,0.0,0.0,0.0,0.0,0.0,0.0,0.0,0.0,0.0,0.0,0.0,0.0,2.0,2002,19,SU2950086200,"51.573901, -1.5757235",seed_mix,pH_7,139.3,No,Yes,Yes,Yes,Intermediate
Toposcope_Field_-_1980s,4236.0,892.0,13.0,404.0,1877.0,162.0,192.0,39.0,927.0,41.0,883.0,4.0,36.0,76.0,3.0,113.0,0.0,99.0,75.0,24.0,114.0,31.0,8.0,0.0,543.0,5.0,0.0,0.0,0.0,3.0,61.0,0.0,0.0,23.0,0.0,23.0,2.0,0.0,3.0,0.0,0.0,0.0,0.0,9.0,1.0,8.0,11.0,10.0,11.0,0.0,10.0,0.0,0.0,0.0,0.0,0.0,4.0,0.0,0.0,0.0,0.0,0.0,1.0,0.0,0.0,0.0,0.0,0.0,0.0,0.0,0.0,0.0,0.0,0.0,0.0,0.0,0.0,0.0,0.0,0.0,0.0,4.0,0.0,6.0,0.0,0.0,0.0,0.0,0.0,0.0,0.0,0.0,0.0,0.0,0.0,0.0,0.0,0.0,0.0,0.0,8.0,0.0,0.0,0.0,0.0,0.0,0.0,0.0,0.0,0.0,5.0,0.0,0.0,0.0,0.0,0.0,0.0,0.0,0.0,0.0,0.0,0.0,0.0,0.0,0.0,0.0,0.0,0.0,0.0,0.0,0.0,0.0,0.0,0.0,0.0,0.0,0.0,0.0,0.0,0.0,0.0,0.0,0.0,0.0,0.0,0.0,0.0,0.0,0.0,0.0,0.0,0.0,0.0,0.0,0.0,3.0,1985,36,SU2950086600,"51.577497, -1.5756901",Natural_regen,pH_7,139.7,No,Yes,Yes,No,Old
Bradenham_post-1986_b,878.0,1040.0,146.0,203.0,1818.0,471.0,765.0,65.0,2165.0,45.0,552.0,17.0,253.0,56.0,8.0,585.0,190.0,10.0,294.0,34.0,0.0,570.0,83.0,61.0,68.0,14.0,0.0,5.0,0.0,73.0,97.0,9.0,0.0,9.0,0.0,61.0,106.0,1.0,6.0,0.0,58.0,7.0,0.0,6.0,2.0,4.0,0.0,0.0,26.0,0.0,14.0,0.0,0.0,8.0,0.0,2.0,0.0,0.0,12.0,0.0,0.0,3.0,3.0,0.0,17.0,0.0,0.0,4.0,0.0,22.0,0.0,0.0,12.0,0.0,0.0,4.0,0.0,4.0,0.0,0.0,5.0,5.0,0.0,4.0,0.0,0.0,0.0,2.0,0.0,0.0,0.0,0.0,1.0,0.0,0.0,2.0,0.0,0.0,0.0,0.0,0.0,0.0,0.0,0.0,0.0,0.0,2.0,0.0,0.0,0.0,0.0,0.0,0.0,0.0,10.0,0.0,0.0,0.0,0.0,0.0,0.0,0.0,0.0,0.0,0.0,0.0,0.0,2.0,0.0,0.0,0.0,0.0,0.0,1.0,0.0,0.0,0.0,0.0,0.0,0.0,0.0,0.0,0.0,0.0,0.0,0.0,0.0,0.0,0.0,0.0,0.0,0.0,0.0,0.0,0.0,4.0,1986,35,SU8290097718,"51.672127, -0.80258692",seed_mix,pH_7,151.7,No,Yes,Yes,Yes,Old
Lardon_Chase_The_Holies_motorcycle,3872.0,530.0,63.0,66.0,2345.0,1067.0,576.0,12.0,953.0,129.0,45.0,0.0,215.0,71.0,0.0,532.0,37.0,0.0,31.0,36.0,0.0,161.0,13.0,25.0,0.0,0.0,13.0,0.0,7.0,17.0,19.0,0.0,0.0,18.0,0.0,0.0,2.0,0.0,0.0,0.0,0.0,0.0,4.0,0.0,85.0,11.0,0.0,0.0,6.0,0.0,5.0,0.0,0.0,0.0,0.0,0.0,0.0,0.0,0.0,0.0,0.0,0.0,0.0,0.0,0.0,0.0,3.0,1.0,0.0,0.0,0.0,0.0,0.0,0.0,0.0,0.0,0.0,0.0,0.0,0.0,0.0,0.0,0.0,0.0,0.0,0.0,0.0,2.0,0.0,0.0,0.0,0.0,5.0,0.0,0.0,0.0,0.0,0.0,0.0,0.0,0.0,0.0,0.0,0.0,0.0,0.0,0.0,0.0,0.0,0.0,0.0,0.0,0.0,0.0,0.0,0.0,19.0,0.0,0.0,0.0,0.0,0.0,0.0,0.0,0.0,0.0,0.0,0.0,0.0,4.0,0.0,0.0,0.0,0.0,0.0,0.0,0.0,0.0,0.0,0.0,0.0,0.0,0.0,0.0,0.0,0.0,0.0,0.0,0.0,0.0,0.0,0.0,0.0,0.0,0.0,,2007,14,SU5930079800,"51.514021, -1.1468383",Natural_regen,pH_7,135.7,No,No,Yes,No,Intermediate
Stonehenge_2000_2017a,991.0,463.0,72.0,137.0,865.0,260.0,732.0,205.0,903.0,122.0,4782.0,5.0,173.0,109.0,0.0,502.0,17.0,2.0,78.0,49.0,2.0,36.0,52.0,12.0,1.0,0.0,9.0,0.0,0.0,1.0,65.0,0.0,1.0,10.0,0.0,107.0,46.0,18.0,22.0,4.0,0.0,2.0,3.0,2.0,6.0,6.0,0.0,1.0,0.0,0.0,23.0,0.0,0.0,0.0,0.0,0.0,0.0,0.0,0.0,0.0,0.0,3.0,0.0,94.0,0.0,0.0,0.0,0.0,0.0,0.0,2.0,0.0,0.0,0.0,0.0,0.0,0.0,0.0,0.0,0.0,0.0,0.0,0.0,0.0,1.0,0.0,0.0,0.0,1.0,0.0,2.0,0.0,0.0,0.0,0.0,0.0,0.0,0.0,0.0,0.0,0.0,0.0,0.0,0.0,0.0,0.0,0.0,0.0,0.0,0.0,0.0,0.0,0.0,0.0,0.0,0.0,0.0,0.0,0.0,0.0,0.0,0.0,0.0,0.0,0.0,0.0,0.0,0.0,0.0,0.0,0.0,0.0,0.0,0.0,0.0,0.0,0.0,0.0,0.0,0.0,0.0,0.0,0.0,1.0,0.0,0.0,0.0,0.0,0.0,0.0,0.0,0.0,0.0,0.0,0.0,6.0,2000,21,SU1370042400,"51.180671, -1.8053828",Green_hay_bush,pH_7,144.3,No,Yes,Yes,Yes,Old
Stonehenge_2003_2017b,2739.0,335.0,75.0,240.0,1892.0,261.0,1031.0,428.0,1245.0,118.0,343.0,32.0,171.0,160.0,4.0,765.0,17.0,101.0,35.0,36.0,5.0,91.0,84.0,27.0,0.0,172.0,3.0,201.0,0.0,5.0,55.0,5.0,16.0,12.0,0.0,32.0,47.0,9.0,17.0,24.0,0.0,0.0,0.0,0.0,5.0,21.0,0.0,0.0,22.0,0.0,15.0,0.0,0.0,0.0,0.0,0.0,0.0,9.0,2.0,0.0,0.0,0.0,29.0,6.0,0.0,0.0,0.0,15.0,5.0,0.0,2.0,0.0,6.0,0.0,0.0,2.0,0.0,0.0,0.0,0.0,0.0,4.0,0.0,0.0,0.0,0.0,0.0,0.0,0.0,7.0,3.0,0.0,7.0,0.0,0.0,0.0,0.0,0.0,0.0,0.0,0.0,0.0,0.0,0.0,0.0,0.0,0.0,0.0,0.0,1.0,0.0,0.0,0.0,0.0,0.0,0.0,0.0,0.0,6.0,0.0,0.0,0.0,0.0,0.0,0.0,0.0,0.0,0.0,0.0,0.0,0.0,0.0,0.0,0.0,0.0,0.0,0.0,0.0,0.0,0.0,0.0,0.0,0.0,0.0,0.0,0.0,0.0,0.0,0.0,0.0,0.0,0.0,0.0,0.0,0.0,7.0,2003,18,SU1150041600,"51.173525, -1.8368821",Green_hay_bush,pH_7,184.4,No,Yes,Yes,Yes,Intermediate
Stonehenge_2009,1510.0,503.0,95.0,112.0,1734.0,339.0,1470.0,414.0,1905.0,140.0,274.0,5.0,297.0,126.0,3.0,428.0,34.0,313.0,58.0,61.0,4.0,59.0,78.0,5.0,0.0,4.0,5.0,0.0,0.0,2.0,95.0,53.0,0.0,7.0,256.0,149.0,47.0,0.0,44.0,0.0,0.0,4.0,1.0,0.0,3.0,250.0,0.0,2.0,0.0,4.0,10.0,1.0,0.0,7.0,0.0,0.0,0.0,23.0,3.0,0.0,0.0,0.0,7.0,4.0,0.0,0.0,4.0,5.0,7.0,0.0,0.0,0.0,0.0,0.0,0.0,1.0,0.0,8.0,0.0,0.0,0.0,5.0,0.0,3.0,0.0,0.0,0.0,0.0,0.0,10.0,8.0,0.0,0.0,0.0,0.0,0.0,0.0,0.0,0.0,0.0,0.0,0.0,0.0,0.0,0.0,0.0,0.0,0.0,0.0,0.0,0.0,0.0,0.0,1.0,0.0,0.0,0.0,0.0,0.0,0.0,0.0,0.0,0.0,0.0,0.0,0.0,0.0,0.0,0.0,0.0,0.0,0.0,0.0,0.0,0.0,0.0,0.0,0.0,0.0,0.0,0.0,0.0,0.0,0.0,0.0,0.0,0.0,0.0,0.0,0.0,0.0,0.0,0.0,0.0,0.0,8.0,2009,12,SU1050041700,"51.174443, -1.8511833",Green_hay_bush,pH_7,156.5,No,No,Yes,Yes,Intermediate
Stonehenge_2007_2016,1282.0,699.0,817.0,306.0,1214.0,355.0,409.0,284.0,2233.0,161.0,257.0,43.0,1130.0,239.0,3.0,682.0,58.0,129.0,30.0,30.0,2.0,13.0,88.0,0.0,0.0,5.0,0.0,0.0,0.0,1.0,53.0,0.0,0.0,11.0,0.0,89.0,79.0,1.0,31.0,0.0,0.0,0.0,0.0,0.0,10.0,35.0,0.0,0.0,0.0,3.0,18.0,4.0,0.0,7.0,0.0,0.0,0.0,19.0,0.0,0.0,0.0,0.0,33.0,7.0,0.0,0.0,12.0,44.0,0.0,0.0,5.0,0.0,29.0,0.0,0.0,0.0,0.0,2.0,0.0,0.0,0.0,13.0,0.0,4.0,0.0,0.0,6.0,0.0,0.0,4.0,3.0,0.0,0.0,0.0,3.0,0.0,0.0,0.0,0.0,0.0,0.0,0.0,0.0,0.0,1.0,0.0,0.0,0.0,0.0,0.0,0.0,0.0,0.0,0.0,0.0,0.0,0.0,0.0,0.0,0.0,0.0,0.0,4.0,0.0,0.0,0.0,0.0,0.0,0.0,0.0,0.0,0.0,0.0,0.0,0.0,0.0,0.0,0.0,0.0,0.0,0.0,0.0,0.0,0.0,0.0,0.0,0.0,0.0,0.0,0.0,0.0,0.0,0.0,0.0,0.0,9.0,2007,14,SU1100041900,"51.176233, -1.8440251",Green_hay_bush,pH_7,158.8,No,Yes,Yes,Yes,Intermediate
Stonehenge_2005,2866.0,280.0,122.0,517.0,1444.0,308.0,400.0,226.0,1965.0,191.0,959.0,14.0,256.0,242.0,15.0,469.0,26.0,38.0,49.0,30.0,0.0,52.0,78.0,6.0,0.0,2.0,28.0,0.0,0.0,3.0,79.0,4.0,0.0,17.0,0.0,81.0,47.0,0.0,46.0,6.0,0.0,2.0,0.0,0.0,2.0,23.0,0.0,0.0,5.0,3.0,9.0,0.0,0.0,4.0,0.0,0.0,0.0,5.0,1.0,0.0,0.0,0.0,22.0,25.0,0.0,0.0,0.0,1.0,0.0,1.0,0.0,0.0,5.0,0.0,0.0,0.0,0.0,0.0,0.0,0.0,0.0,2.0,0.0,3.0,0.0,2.0,0.0,0.0,1.0,0.0,7.0,0.0,0.0,0.0,5.0,0.0,0.0,0.0,0.0,0.0,0.0,0.0,0.0,0.0,0.0,0.0,0.0,0.0,0.0,0.0,0.0,0.0,0.0,0.0,5.0,1.0,0.0,0.0,0.0,0.0,0.0,0.0,0.0,0.0,0.0,0.0,0.0,0.0,0.0,0.0,0.0,0.0,0.0,0.0,0.0,0.0,0.0,0.0,0.0,0.0,0.0,0.0,0.0,0.0,0.0,0.0,0.0,0.0,0.0,0.0,0.0,0.0,0.0,0.0,0.0,10.0,2005,16,SU1140042200,"51.178922, -1.8382937",Green_hay_bush,pH_7,145.0,No,No,Yes,Yes,Intermediate
Stonehenge_2002_2017,2119.0,540.0,230.0,238.0,2172.0,213.0,1172.0,387.0,1020.0,179.0,353.0,14.0,100.0,215.0,7.0,718.0,15.0,16.0,72.0,25.0,0.0,136.0,52.0,11.0,0.0,4.0,45.0,0.0,0.0,5.0,126.0,36.0,0.0,10.0,327.0,125.0,15.0,4.0,17.0,6.0,0.0,25.0,22.0,0.0,13.0,11.0,0.0,27.0,0.0,6.0,60.0,0.0,0.0,11.0,0.0,0.0,0.0,10.0,0.0,0.0,0.0,0.0,0.0,19.0,0.0,0.0,0.0,0.0,0.0,0.0,4.0,0.0,0.0,0.0,0.0,0.0,7.0,0.0,0.0,0.0,0.0,13.0,0.0,0.0,0.0,0.0,0.0,0.0,0.0,9.0,7.0,0.0,0.0,0.0,0.0,0.0,0.0,5.0,0.0,0.0,0.0,22.0,0.0,0.0,3.0,0.0,0.0,0.0,0.0,0.0,1.0,0.0,0.0,0.0,0.0,0.0,0.0,0.0,0.0,0.0,0.0,0.0,0.0,1.0,0.0,0.0,0.0,0.0,0.0,0.0,0.0,0.0,0.0,0.0,0.0,0.0,0.0,0.0,0.0,0.0,0.0,0.0,0.0,0.0,0.0,0.0,0.0,0.0,0.0,0.0,0.0,0.0,0.0,0.0,0.0,11.0,2002,19,SU1480043200,"51.187837, -1.7896132",Green_hay_bush,pH_7,130.3,No,Yes,Yes,Yes,Intermediate
Stonehenge_2010,1859.0,829.0,339.0,250.0,1388.0,414.0,617.0,264.0,1782.0,127.0,674.0,34.0,469.0,309.0,0.0,741.0,42.0,8.0,34.0,54.0,6.0,56.0,215.0,62.0,0.0,14.0,15.0,0.0,0.0,4.0,16.0,0.0,2.0,17.0,0.0,57.0,25.0,7.0,5.0,54.0,0.0,1.0,1.0,0.0,1.0,44.0,0.0,10.0,2.0,4.0,66.0,12.0,2.0,0.0,21.0,0.0,0.0,5.0,0.0,2.0,0.0,8.0,0.0,2.0,0.0,0.0,0.0,0.0,0.0,0.0,2.0,0.0,2.0,0.0,0.0,0.0,0.0,0.0,0.0,5.0,0.0,9.0,1.0,0.0,0.0,0.0,1.0,0.0,0.0,0.0,0.0,0.0,0.0,0.0,0.0,0.0,0.0,0.0,0.0,0.0,0.0,0.0,7.0,0.0,3.0,0.0,0.0,0.0,0.0,0.0,0.0,0.0,0.0,0.0,0.0,0.0,0.0,0.0,0.0,0.0,0.0,0.0,0.0,0.0,0.0,0.0,0.0,0.0,0.0,0.0,0.0,0.0,0.0,0.0,0.0,0.0,0.0,0.0,0.0,0.0,0.0,0.0,0.0,0.0,0.0,0.0,0.0,0.0,0.0,0.0,0.0,0.0,0.0,0.0,0.0,12.0,2010,11,SU1070043000,"51.186129, -1.8482842",Green_hay_bush,pH_7,202.0,No,Yes,Yes,Yes,Intermediate
Stonehenge_2011,1795.0,749.0,553.0,116.0,789.0,325.0,1081.0,376.0,1704.0,144.0,656.0,5.0,232.0,242.0,0.0,905.0,52.0,41.0,12.0,95.0,11.0,103.0,167.0,98.0,0.0,25.0,0.0,0.0,0.0,3.0,65.0,60.0,4.0,17.0,0.0,40.0,59.0,0.0,27.0,46.0,0.0,1.0,3.0,0.0,4.0,206.0,0.0,14.0,20.0,8.0,20.0,31.0,2.0,4.0,0.0,0.0,7.0,1.0,0.0,3.0,0.0,0.0,7.0,24.0,0.0,0.0,0.0,1.0,1.0,1.0,2.0,0.0,0.0,0.0,0.0,5.0,0.0,0.0,0.0,1.0,0.0,1.0,2.0,5.0,0.0,2.0,0.0,0.0,0.0,0.0,7.0,0.0,0.0,4.0,0.0,0.0,0.0,3.0,0.0,0.0,0.0,0.0,2.0,0.0,0.0,1.0,0.0,2.0,0.0,0.0,0.0,0.0,0.0,0.0,0.0,0.0,0.0,0.0,7.0,0.0,0.0,0.0,0.0,0.0,0.0,0.0,0.0,0.0,0.0,0.0,0.0,0.0,0.0,0.0,0.0,0.0,0.0,0.0,0.0,0.0,0.0,1.0,0.0,0.0,0.0,0.0,0.0,0.0,0.0,0.0,0.0,0.0,0.0,0.0,0.0,13.0,2011,10,SU1050043600,"51.191528, -1.8511284",Green_hay_bush,pH_7,174.3,No,Yes,Yes,Yes,New
Stonehenge_-_Luxenborough_BankB,2539.0,1326.0,497.0,331.0,1193.0,601.0,392.0,91.0,1627.0,284.0,4.0,2.0,344.0,165.0,0.0,922.0,15.0,36.0,41.0,214.0,10.0,103.0,58.0,2.0,0.0,7.0,2.0,0.0,0.0,9.0,4.0,0.0,0.0,0.0,0.0,40.0,32.0,0.0,18.0,0.0,0.0,7.0,0.0,0.0,0.0,7.0,0.0,0.0,16.0,14.0,12.0,15.0,4.0,6.0,0.0,0.0,0.0,0.0,0.0,0.0,0.0,0.0,0.0,0.0,0.0,0.0,0.0,0.0,1.0,0.0,0.0,0.0,0.0,0.0,0.0,0.0,0.0,0.0,0.0,0.0,0.0,9.0,0.0,0.0,0.0,0.0,0.0,0.0,0.0,0.0,0.0,0.0,0.0,0.0,0.0,0.0,0.0,0.0,0.0,0.0,0.0,0.0,0.0,0.0,0.0,0.0,0.0,0.0,0.0,0.0,0.0,0.0,0.0,0.0,0.0,0.0,0.0,0.0,0.0,0.0,0.0,0.0,0.0,0.0,0.0,0.0,0.0,0.0,0.0,0.0,0.0,0.0,0.0,0.0,0.0,0.0,0.0,0.0,0.0,0.0,0.0,0.0,0.0,0.0,0.0,0.0,0.0,0.0,0.0,0.0,0.0,0.0,0.0,0.0,0.0,14.0,2000,21,SU1290041900,"51.176193, -1.8168457",Green_hay_bush,pH_7,186.6,Yes,No,Yes,Yes,Old
Watlington_natural_reversion,3508.0,243.0,24.0,54.0,2342.0,280.0,1220.0,217.0,884.0,393.0,195.0,4.0,39.0,264.0,0.0,102.0,124.0,5.0,175.0,27.0,0.0,188.0,52.0,0.0,61.0,7.0,24.0,6.0,0.0,22.0,186.0,0.0,0.0,5.0,51.0,41.0,32.0,2.0,114.0,0.0,0.0,20.0,3.0,0.0,0.0,0.0,1.0,0.0,0.0,0.0,13.0,0.0,0.0,0.0,0.0,17.0,1.0,0.0,1.0,0.0,0.0,0.0,0.0,0.0,0.0,0.0,0.0,0.0,3.0,0.0,0.0,0.0,0.0,0.0,0.0,0.0,0.0,2.0,0.0,0.0,0.0,1.0,0.0,0.0,0.0,4.0,0.0,0.0,3.0,0.0,3.0,0.0,0.0,0.0,0.0,0.0,0.0,0.0,4.0,0.0,3.0,0.0,0.0,0.0,0.0,0.0,5.0,0.0,0.0,0.0,0.0,0.0,0.0,0.0,5.0,0.0,0.0,0.0,0.0,0.0,0.0,0.0,0.0,0.0,16.0,0.0,0.0,0.0,0.0,0.0,0.0,0.0,0.0,0.0,0.0,3.0,0.0,0.0,0.0,0.0,0.0,0.0,0.0,0.0,0.0,0.0,0.0,0.0,0.0,0.0,0.0,1.0,0.0,0.0,0.0,15.0,2000,21,SU7050293600,"51.636798, -0.98266944",Natural_regen,pH_7,147.5,No,No,Yes,No,Old
St_Catherines_A3,3038.0,651.0,352.0,62.0,1563.0,176.0,344.0,444.0,1852.0,6.0,101.0,5.0,89.0,61.0,0.0,421.0,0.0,0.0,62.0,13.0,5.0,740.0,103.0,65.0,153.0,14.0,0.0,0.0,0.0,18.0,170.0,1.0,0.0,1.0,0.0,14.0,88.0,8.0,70.0,0.0,3.0,3.0,0.0,10.0,8.0,2.0,16.0,0.0,23.0,0.0,16.0,18.0,0.0,0.0,2.0,4.0,0.0,0.0,2.0,85.0,0.0,0.0,0.0,0.0,6.0,0.0,0.0,0.0,0.0,12.0,0.0,0.0,26.0,0.0,0.0,6.0,0.0,17.0,0.0,0.0,0.0,6.0,0.0,16.0,0.0,0.0,0.0,0.0,0.0,0.0,0.0,0.0,0.0,0.0,1.0,0.0,0.0,0.0,0.0,0.0,9.0,0.0,0.0,0.0,1.0,0.0,3.0,12.0,0.0,0.0,0.0,0.0,0.0,0.0,0.0,0.0,0.0,0.0,0.0,2.0,0.0,0.0,0.0,0.0,0.0,0.0,0.0,1.0,0.0,0.0,0.0,0.0,0.0,0.0,0.0,0.0,0.0,0.0,0.0,0.0,0.0,0.0,0.0,0.0,0.0,0.0,0.0,0.0,0.0,0.0,0.0,0.0,0.0,0.0,0.0,16.0,1994,27,SU4812327449,"51.044386, -1.3149275",Green_hay_bush,pH_7,222.0,Yes,Yes,Yes,No,Old
HARLEY_FARMS_Chittern,3552.0,1334.0,641.0,137.0,694.0,501.0,455.0,195.0,1520.0,208.0,71.0,2.0,134.0,75.0,10.0,586.0,26.0,29.0,51.0,114.0,3.0,140.0,50.0,77.0,5.0,1.0,52.0,14.0,0.0,5.0,59.0,0.0,0.0,0.0,0.0,44.0,14.0,24.0,5.0,2.0,0.0,1.0,0.0,0.0,1.0,8.0,0.0,11.0,4.0,1.0,48.0,12.0,2.0,5.0,0.0,0.0,4.0,0.0,3.0,3.0,0.0,0.0,0.0,0.0,0.0,0.0,0.0,17.0,5.0,5.0,0.0,0.0,0.0,0.0,0.0,0.0,0.0,5.0,0.0,0.0,11.0,0.0,0.0,1.0,1.0,0.0,2.0,3.0,1.0,0.0,0.0,0.0,1.0,0.0,0.0,0.0,0.0,1.0,0.0,0.0,0.0,0.0,0.0,0.0,0.0,0.0,1.0,0.0,0.0,7.0,4.0,0.0,0.0,0.0,0.0,0.0,0.0,0.0,0.0,0.0,0.0,0.0,0.0,0.0,0.0,0.0,0.0,0.0,0.0,0.0,0.0,0.0,2.0,0.0,0.0,0.0,0.0,0.0,0.0,0.0,0.0,0.0,0.0,0.0,0.0,0.0,0.0,0.0,0.0,0.0,0.0,0.0,0.0,0.0,0.0,17.0,2013,8,ST9762044730,"51.201778, -2.0354461",seed_mix,pH_7,197.9,Yes,Yes,No,Yes,New
HARLEY_FARMS_New1,1371.0,408.0,2864.0,263.0,401.0,1119.0,321.0,77.0,814.0,51.0,146.0,19.0,803.0,206.0,24.0,1005.0,41.0,44.0,16.0,132.0,5.0,19.0,173.0,0.0,0.0,0.0,36.0,0.0,0.0,58.0,52.0,0.0,0.0,44.0,0.0,24.0,96.0,0.0,2.0,0.0,0.0,0.0,0.0,0.0,0.0,0.0,0.0,0.0,178.0,16.0,13.0,23.0,75.0,2.0,0.0,0.0,0.0,0.0,2.0,0.0,0.0,0.0,0.0,0.0,4.0,0.0,0.0,0.0,0.0,0.0,5.0,0.0,0.0,0.0,0.0,0.0,0.0,0.0,0.0,0.0,0.0,2.0,4.0,12.0,0.0,6.0,0.0,0.0,8.0,0.0,0.0,0.0,0.0,0.0,0.0,0.0,4.0,0.0,0.0,0.0,0.0,0.0,0.0,0.0,0.0,0.0,0.0,0.0,0.0,0.0,3.0,0.0,0.0,0.0,0.0,0.0,0.0,0.0,0.0,0.0,0.0,0.0,0.0,0.0,0.0,0.0,0.0,0.0,0.0,0.0,0.0,0.0,3.0,0.0,0.0,0.0,0.0,0.0,0.0,0.0,6.0,0.0,0.0,0.0,0.0,0.0,0.0,0.0,0.0,0.0,0.0,0.0,0.0,0.0,0.0,18.0,2020,1,ST9346829822,"51.067692, -2.0945983",seed_mix,pH_7,144.1,No,Yes,No,No,New
HARLEY_FARMS_new2b,801.0,183.0,2502.0,1169.0,607.0,213.0,159.0,386.0,941.0,230.0,15.0,151.0,1272.0,137.0,21.0,836.0,8.0,198.0,126.0,71.0,1.0,40.0,186.0,0.0,0.0,0.0,331.0,0.0,0.0,6.0,8.0,2.0,0.0,77.0,0.0,18.0,43.0,2.0,0.0,0.0,0.0,4.0,0.0,0.0,0.0,0.0,0.0,0.0,21.0,25.0,1.0,16.0,95.0,0.0,0.0,0.0,0.0,0.0,0.0,0.0,0.0,0.0,2.0,0.0,0.0,0.0,6.0,0.0,3.0,0.0,22.0,4.0,10.0,0.0,0.0,0.0,0.0,0.0,0.0,0.0,0.0,1.0,0.0,0.0,0.0,0.0,0.0,0.0,12.0,0.0,0.0,0.0,0.0,0.0,0.0,0.0,1.0,0.0,2.0,0.0,0.0,0.0,0.0,0.0,0.0,0.0,0.0,16.0,0.0,0.0,0.0,0.0,0.0,0.0,0.0,0.0,0.0,0.0,0.0,0.0,0.0,15.0,0.0,0.0,0.0,0.0,0.0,0.0,0.0,0.0,0.0,0.0,3.0,0.0,0.0,0.0,0.0,0.0,0.0,1.0,0.0,0.0,0.0,0.0,0.0,0.0,0.0,0.0,0.0,0.0,0.0,0.0,0.0,0.0,0.0,19.0,2020,1,ST9242629613,"51.065799, -2.1094648",seed_mix,pH_7,102.5,Yes,No,No,No,New
WINDMILL_farm,1051.0,962.0,361.0,120.0,1544.0,285.0,515.0,570.0,2716.0,209.0,192.0,280.0,233.0,43.0,17.0,234.0,13.0,4.0,329.0,263.0,14.0,24.0,398.0,3.0,25.0,5.0,18.0,0.0,0.0,4.0,19.0,0.0,0.0,27.0,2.0,109.0,15.0,106.0,5.0,0.0,0.0,2.0,0.0,3.0,1.0,0.0,0.0,0.0,0.0,0.0,19.0,0.0,6.0,61.0,0.0,0.0,0.0,0.0,19.0,0.0,16.0,2.0,0.0,0.0,1.0,0.0,1.0,0.0,1.0,0.0,22.0,73.0,12.0,0.0,0.0,2.0,6.0,0.0,0.0,0.0,0.0,3.0,0.0,1.0,7.0,0.0,0.0,0.0,1.0,0.0,0.0,0.0,0.0,0.0,0.0,0.0,0.0,6.0,0.0,0.0,0.0,0.0,0.0,0.0,0.0,0.0,0.0,12.0,0.0,0.0,0.0,0.0,0.0,0.0,0.0,0.0,0.0,0.0,1.0,4.0,0.0,0.0,0.0,0.0,0.0,0.0,3.0,0.0,0.0,0.0,0.0,0.0,0.0,0.0,0.0,0.0,0.0,0.0,0.0,0.0,0.0,0.0,0.0,0.0,0.0,0.0,0.0,0.0,0.0,0.0,0.0,0.0,0.0,0.0,0.0,,1990,31,SU7176229761,"51.06271, -0.97732036",seed_mix,pH_7,210.0,Yes,Yes,Yes,Yes,Old
DRUIDS,1218.0,1747.0,430.0,100.0,1174.0,794.0,353.0,578.0,3026.0,126.0,111.0,2.0,261.0,80.0,9.0,149.0,11.0,2.0,44.0,107.0,4.0,133.0,28.0,0.0,0.0,0.0,28.0,0.0,0.0,0.0,12.0,0.0,0.0,2.0,0.0,30.0,4.0,339.0,0.0,2.0,0.0,0.0,0.0,0.0,1.0,0.0,0.0,13.0,0.0,0.0,4.0,3.0,0.0,23.0,0.0,0.0,0.0,4.0,0.0,0.0,0.0,0.0,0.0,0.0,0.0,0.0,0.0,4.0,2.0,0.0,0.0,0.0,30.0,0.0,0.0,0.0,0.0,0.0,0.0,0.0,0.0,9.0,0.0,0.0,0.0,0.0,0.0,0.0,0.0,0.0,0.0,0.0,0.0,0.0,0.0,0.0,0.0,0.0,0.0,0.0,0.0,0.0,0.0,0.0,0.0,0.0,0.0,0.0,0.0,1.0,0.0,0.0,0.0,0.0,0.0,0.0,0.0,0.0,0.0,0.0,0.0,0.0,0.0,0.0,0.0,0.0,0.0,0.0,0.0,0.0,0.0,0.0,0.0,0.0,2.0,0.0,0.0,0.0,0.0,0.0,0.0,0.0,0.0,0.0,0.0,0.0,0.0,0.0,0.0,0.0,0.0,0.0,0.0,0.0,0.0,21.0,2002,19,SU2964250324,"51.251319, -1.5766624",seed_mix,pH_7,176.3,Yes,Yes,Yes,Yes,Intermediate
Stratton_Wood,676.0,289.0,491.0,8.0,2985.0,1359.0,1191.0,424.0,1055.0,624.0,117.0,20.0,481.0,131.0,107.0,301.0,192.0,1.0,22.0,69.0,13.0,84.0,25.0,0.0,0.0,0.0,4.0,0.0,0.0,20.0,54.0,0.0,0.0,4.0,0.0,20.0,0.0,0.0,7.0,0.0,0.0,20.0,2.0,10.0,0.0,29.0,0.0,0.0,0.0,0.0,30.0,0.0,0.0,0.0,0.0,100.0,0.0,0.0,1.0,0.0,0.0,0.0,0.0,0.0,5.0,0.0,0.0,0.0,0.0,0.0,1.0,0.0,6.0,0.0,0.0,0.0,0.0,15.0,0.0,0.0,0.0,0.0,0.0,1.0,0.0,0.0,0.0,0.0,4.0,0.0,0.0,0.0,0.0,0.0,0.0,0.0,0.0,0.0,0.0,0.0,0.0,0.0,0.0,0.0,0.0,0.0,0.0,0.0,0.0,0.0,0.0,0.0,0.0,0.0,0.0,0.0,0.0,0.0,0.0,0.0,0.0,0.0,0.0,0.0,0.0,0.0,0.0,0.0,0.0,0.0,0.0,0.0,1.0,0.0,0.0,0.0,0.0,0.0,0.0,0.0,0.0,0.0,0.0,0.0,0.0,1.0,0.0,0.0,0.0,0.0,0.0,0.0,0.0,0.0,0.0,22.0,1995,26,SU1647289260,"51.601942, -1.7635665",seed_mix,pH_7,126.8,Yes,No,No,Yes,Old
WESTMEAD_FARM,1785.0,384.0,467.0,65.0,2352.0,706.0,1170.0,269.0,1231.0,58.0,610.0,23.0,871.0,14.0,13.0,107.0,83.0,9.0,10.0,64.0,0.0,45.0,196.0,13.0,0.0,9.0,21.0,0.0,0.0,70.0,39.0,66.0,0.0,75.0,0.0,3.0,11.0,0.0,0.0,2.0,0.0,0.0,18.0,0.0,0.0,13.0,0.0,0.0,6.0,0.0,0.0,0.0,8.0,0.0,0.0,25.0,0.0,0.0,0.0,0.0,0.0,0.0,0.0,0.0,45.0,0.0,0.0,0.0,0.0,0.0,0.0,0.0,0.0,0.0,0.0,0.0,12.0,0.0,0.0,0.0,24.0,0.0,0.0,8.0,0.0,0.0,0.0,0.0,0.0,0.0,0.0,0.0,0.0,0.0,0.0,0.0,0.0,0.0,0.0,0.0,0.0,0.0,0.0,0.0,0.0,0.0,0.0,0.0,0.0,0.0,0.0,0.0,0.0,0.0,0.0,0.0,0.0,0.0,0.0,0.0,0.0,0.0,0.0,0.0,0.0,0.0,0.0,0.0,0.0,0.0,0.0,0.0,0.0,0.0,0.0,0.0,0.0,0.0,0.0,0.0,0.0,0.0,0.0,0.0,0.0,0.0,0.0,0.0,0.0,0.0,0.0,0.0,0.0,0.0,0.0,23.0,2000,21,SU6317525168,"51.022422, -1.1006408",seed_mix,pH_7,159.0,Yes,No,Yes,No,Old
RSPB_orig_green,3098.0,731.0,286.0,252.0,1124.0,1119.0,1484.0,98.0,903.0,108.0,434.0,0.0,130.0,172.0,0.0,317.0,61.0,39.0,15.0,0.0,0.0,44.0,67.0,2.0,0.0,1.0,12.0,0.0,0.0,6.0,16.0,13.0,18.0,54.0,0.0,3.0,0.0,0.0,0.0,9.0,0.0,0.0,3.0,0.0,13.0,259.0,14.0,0.0,0.0,0.0,33.0,0.0,0.0,0.0,0.0,0.0,0.0,7.0,0.0,13.0,0.0,16.0,0.0,0.0,0.0,0.0,18.0,0.0,0.0,0.0,0.0,0.0,0.0,0.0,0.0,0.0,0.0,0.0,0.0,0.0,0.0,0.0,0.0,0.0,8.0,0.0,0.0,0.0,0.0,0.0,0.0,0.0,0.0,0.0,0.0,0.0,0.0,0.0,0.0,0.0,0.0,0.0,0.0,0.0,0.0,0.0,0.0,0.0,0.0,0.0,0.0,0.0,0.0,0.0,0.0,0.0,0.0,0.0,0.0,0.0,0.0,0.0,0.0,0.0,0.0,0.0,0.0,0.0,0.0,0.0,0.0,0.0,0.0,0.0,0.0,0.0,0.0,0.0,0.0,0.0,0.0,0.0,0.0,0.0,0.0,0.0,0.0,0.0,0.0,0.0,0.0,0.0,0.0,0.0,0.0,24.0,2006,15,SU2135640329,"51.161815, -1.6959767",Green_hay_bush,pH_7,138.1,No,Yes,Yes,No,Intermediate
RSPB_churchil,3534.0,936.0,156.0,135.0,971.0,799.0,1103.0,138.0,1018.0,154.0,511.0,5.0,125.0,224.0,0.0,339.0,73.0,54.0,29.0,106.0,0.0,43.0,184.0,10.0,10.0,5.0,14.0,1.0,0.0,3.0,44.0,1.0,0.0,79.0,0.0,44.0,0.0,0.0,6.0,0.0,0.0,2.0,5.0,7.0,12.0,16.0,0.0,0.0,2.0,3.0,43.0,2.0,0.0,0.0,0.0,0.0,0.0,0.0,0.0,0.0,0.0,27.0,0.0,0.0,0.0,4.0,0.0,0.0,0.0,0.0,0.0,0.0,0.0,0.0,0.0,0.0,1.0,0.0,0.0,0.0,0.0,0.0,0.0,0.0,3.0,0.0,0.0,0.0,0.0,0.0,0.0,0.0,17.0,0.0,0.0,0.0,0.0,0.0,0.0,0.0,0.0,0.0,0.0,0.0,0.0,0.0,0.0,0.0,0.0,0.0,0.0,0.0,0.0,0.0,0.0,0.0,0.0,0.0,0.0,0.0,0.0,0.0,0.0,0.0,2.0,0.0,0.0,0.0,0.0,0.0,0.0,0.0,0.0,0.0,0.0,0.0,0.0,0.0,0.0,0.0,0.0,0.0,0.0,0.0,0.0,0.0,0.0,0.0,0.0,0.0,0.0,0.0,0.0,0.0,0.0,25.0,2010,11,SU2075340336,"51.1619, -1.7045994",Green_hay_bush,pH_8,116.8,No,No,Yes,No,Intermediate
RSPB_junction,1608.0,362.0,506.0,214.0,2185.0,524.0,1853.0,425.0,1292.0,233.0,750.0,15.0,178.0,94.0,0.0,221.0,14.0,2.0,36.0,78.0,1.0,6.0,46.0,109.0,0.0,1.0,6.0,11.0,0.0,1.0,82.0,14.0,0.0,1.0,0.0,12.0,4.0,36.0,10.0,8.0,0.0,0.0,0.0,0.0,6.0,16.0,0.0,0.0,0.0,0.0,25.0,0.0,0.0,0.0,0.0,0.0,0.0,5.0,0.0,0.0,0.0,1.0,0.0,0.0,0.0,0.0,6.0,0.0,0.0,0.0,0.0,0.0,0.0,0.0,0.0,0.0,0.0,0.0,0.0,0.0,0.0,0.0,0.0,0.0,0.0,0.0,3.0,0.0,0.0,0.0,0.0,0.0,0.0,0.0,0.0,0.0,0.0,0.0,0.0,0.0,0.0,0.0,0.0,0.0,0.0,0.0,0.0,0.0,0.0,0.0,0.0,0.0,0.0,0.0,0.0,0.0,0.0,0.0,0.0,0.0,0.0,0.0,0.0,0.0,0.0,0.0,0.0,0.0,0.0,0.0,0.0,0.0,0.0,0.0,0.0,0.0,0.0,0.0,0.0,0.0,0.0,0.0,0.0,0.0,0.0,0.0,0.0,0.0,0.0,0.0,0.0,0.0,0.0,0.0,0.0,26.0,2007,14,SU2267739280,"51.152332, -1.6771517",Green_hay_bush,pH_8,24.6,No,No,Yes,No,Intermediate
RSPB_Mainline,4284.0,185.0,1371.0,110.0,1330.0,228.0,626.0,227.0,1049.0,85.0,213.0,0.0,144.0,92.0,12.0,187.0,129.0,2.0,11.0,182.0,4.0,3.0,96.0,3.0,0.0,11.0,15.0,1.0,0.0,5.0,81.0,4.0,70.0,2.0,0.0,19.0,10.0,0.0,0.0,7.0,0.0,0.0,0.0,0.0,0.0,139.0,0.0,0.0,0.0,4.0,17.0,10.0,0.0,13.0,0.0,0.0,0.0,0.0,0.0,0.0,0.0,0.0,0.0,0.0,0.0,5.0,0.0,0.0,0.0,0.0,6.0,0.0,1.0,0.0,0.0,0.0,0.0,0.0,0.0,0.0,0.0,0.0,0.0,0.0,2.0,0.0,1.0,0.0,0.0,4.0,0.0,0.0,0.0,0.0,0.0,0.0,0.0,0.0,0.0,0.0,0.0,0.0,0.0,0.0,0.0,0.0,0.0,0.0,0.0,0.0,0.0,0.0,0.0,0.0,0.0,0.0,0.0,0.0,0.0,0.0,0.0,0.0,0.0,0.0,0.0,0.0,0.0,0.0,0.0,0.0,0.0,0.0,0.0,0.0,0.0,0.0,0.0,0.0,0.0,0.0,0.0,0.0,0.0,0.0,0.0,0.0,0.0,0.0,0.0,0.0,0.0,0.0,0.0,0.0,0.0,27.0,2016,5,SU2250539212,"51.151728, -1.6796151",Green_hay_bush,pH_8,23.4,No,No,Yes,No,New
Baltic_farm_1,891.0,783.0,2461.0,158.0,932.0,1187.0,1600.0,8.0,1422.0,0.0,27.0,0.0,63.0,273.0,0.0,703.0,0.0,64.0,17.0,91.0,0.0,73.0,148.0,52.0,0.0,0.0,0.0,10.0,0.0,4.0,0.0,0.0,4.0,15.0,0.0,0.0,0.0,0.0,8.0,0.0,0.0,0.0,0.0,0.0,0.0,0.0,0.0,0.0,0.0,0.0,3.0,0.0,0.0,0.0,0.0,0.0,0.0,0.0,0.0,0.0,0.0,0.0,0.0,0.0,0.0,0.0,0.0,0.0,0.0,0.0,0.0,0.0,0.0,0.0,3.0,0.0,0.0,0.0,0.0,0.0,0.0,0.0,0.0,0.0,0.0,0.0,0.0,0.0,0.0,0.0,0.0,0.0,0.0,0.0,0.0,0.0,0.0,0.0,0.0,0.0,0.0,0.0,0.0,0.0,0.0,0.0,0.0,0.0,0.0,0.0,0.0,0.0,0.0,0.0,0.0,0.0,0.0,0.0,0.0,0.0,0.0,0.0,0.0,0.0,0.0,0.0,0.0,0.0,0.0,0.0,0.0,0.0,0.0,0.0,0.0,0.0,0.0,0.0,0.0,0.0,0.0,0.0,0.0,0.0,0.0,0.0,0.0,0.0,0.0,0.0,0.0,0.0,0.0,0.0,0.0,28.0,2005,16,SU0459767825,"51.40943, -1.9352946",Green_hay_bush,pH_7,29.2,Yes,Yes,Yes,No,Intermediate
Baltic_farm_2,6680.0,337.0,228.0,309.0,1564.0,683.0,314.0,0.0,177.0,0.0,35.0,6.0,145.0,37.0,0.0,17.0,5.0,45.0,4.0,18.0,0.0,0.0,3.0,1.0,0.0,20.0,0.0,0.0,133.0,9.0,145.0,0.0,0.0,0.0,0.0,6.0,0.0,0.0,0.0,0.0,0.0,0.0,65.0,0.0,0.0,0.0,0.0,0.0,0.0,0.0,1.0,0.0,0.0,0.0,0.0,0.0,0.0,0.0,8.0,0.0,0.0,0.0,0.0,0.0,0.0,0.0,0.0,0.0,0.0,0.0,0.0,0.0,0.0,0.0,0.0,0.0,0.0,0.0,0.0,0.0,0.0,0.0,0.0,0.0,0.0,0.0,0.0,0.0,0.0,0.0,0.0,0.0,0.0,0.0,0.0,0.0,0.0,0.0,0.0,0.0,0.0,0.0,0.0,0.0,0.0,0.0,0.0,0.0,0.0,0.0,0.0,0.0,0.0,5.0,0.0,0.0,0.0,0.0,0.0,0.0,0.0,0.0,0.0,0.0,0.0,0.0,0.0,0.0,0.0,0.0,0.0,0.0,0.0,0.0,0.0,0.0,0.0,0.0,0.0,0.0,0.0,0.0,0.0,0.0,0.0,0.0,0.0,0.0,0.0,0.0,0.0,0.0,0.0,0.0,0.0,29.0,1998,23,SU0306867167,"51.403524, -1.9572835",Green_hay_bush,pH_8,29.6,Yes,Yes,Yes,No,Old
WestEndFarm,6388.0,129.0,1139.0,284.0,944.0,282.0,258.0,4.0,361.0,0.0,0.0,0.0,247.0,117.0,44.0,328.0,22.0,13.0,0.0,83.0,0.0,52.0,40.0,0.0,0.0,0.0,0.0,0.0,15.0,0.0,0.0,0.0,50.0,0.0,0.0,22.0,0.0,0.0,1.0,19.0,0.0,0.0,29.0,0.0,0.0,0.0,0.0,0.0,0.0,57.0,0.0,10.0,13.0,0.0,0.0,0.0,0.0,0.0,0.0,0.0,0.0,0.0,0.0,0.0,0.0,17.0,0.0,0.0,0.0,0.0,0.0,0.0,0.0,0.0,0.0,0.0,0.0,0.0,0.0,0.0,0.0,0.0,0.0,6.0,0.0,0.0,0.0,0.0,18.0,0.0,0.0,0.0,0.0,0.0,0.0,0.0,1.0,0.0,0.0,0.0,0.0,0.0,0.0,0.0,0.0,0.0,0.0,0.0,0.0,0.0,0.0,0.0,0.0,0.0,0.0,0.0,0.0,0.0,7.0,0.0,0.0,0.0,0.0,0.0,0.0,0.0,0.0,0.0,0.0,0.0,0.0,0.0,0.0,0.0,0.0,0.0,0.0,0.0,0.0,0.0,0.0,0.0,0.0,0.0,0.0,0.0,0.0,0.0,0.0,0.0,0.0,0.0,0.0,0.0,0.0,30.0,2019,2,SU0297366901,"51.401133, -1.9586514",Green_hay_bush,pH_8,24.1,Yes,No,Yes,Yes,New
HorntonHouseFarm_1_parallel,3697.0,1148.0,1408.0,151.0,1592.0,766.0,125.0,33.0,629.0,263.0,32.0,47.0,114.0,58.0,119.0,94.0,29.0,167.0,0.0,135.0,0.0,11.0,4.0,0.0,11.0,0.0,101.0,0.0,0.0,0.0,64.0,0.0,53.0,2.0,0.0,3.0,7.0,6.0,0.0,0.0,0.0,44.0,54.0,0.0,0.0,7.0,0.0,4.0,0.0,0.0,0.0,2.0,0.0,5.0,0.0,0.0,0.0,0.0,0.0,0.0,0.0,0.0,0.0,0.0,0.0,0.0,0.0,0.0,0.0,0.0,0.0,0.0,0.0,0.0,0.0,0.0,6.0,0.0,0.0,0.0,4.0,0.0,0.0,0.0,2.0,0.0,0.0,0.0,0.0,0.0,0.0,0.0,0.0,0.0,0.0,0.0,0.0,0.0,3.0,0.0,0.0,0.0,0.0,0.0,0.0,0.0,0.0,0.0,0.0,0.0,0.0,0.0,0.0,0.0,0.0,0.0,0.0,0.0,0.0,0.0,0.0,0.0,0.0,0.0,0.0,0.0,0.0,0.0,0.0,0.0,0.0,0.0,0.0,0.0,0.0,0.0,0.0,0.0,0.0,0.0,0.0,0.0,0.0,0.0,0.0,0.0,0.0,0.0,0.0,0.0,0.0,0.0,0.0,0.0,0.0,31.0,2016,5,SU0584565118,"51.385079, -1.917395",seed_mix,pH_8,29.5,Yes,Yes,Yes,No,New
TownsendFarm_1,3250.0,1398.0,165.0,276.0,1601.0,437.0,409.0,45.0,1549.0,34.0,102.0,111.0,159.0,62.0,13.0,369.0,48.0,44.0,168.0,124.0,20.0,34.0,92.0,82.0,0.0,0.0,14.0,0.0,0.0,6.0,27.0,0.0,24.0,0.0,0.0,13.0,24.0,26.0,76.0,1.0,0.0,0.0,0.0,0.0,35.0,9.0,0.0,17.0,8.0,4.0,18.0,1.0,1.0,4.0,0.0,0.0,0.0,10.0,2.0,3.0,0.0,0.0,0.0,0.0,0.0,0.0,0.0,5.0,5.0,15.0,2.0,0.0,8.0,0.0,0.0,2.0,0.0,4.0,0.0,0.0,0.0,3.0,0.0,0.0,1.0,0.0,5.0,24.0,0.0,0.0,0.0,0.0,0.0,0.0,0.0,0.0,0.0,0.0,8.0,0.0,0.0,0.0,0.0,0.0,0.0,0.0,0.0,0.0,0.0,1.0,0.0,0.0,0.0,0.0,0.0,0.0,0.0,0.0,0.0,0.0,0.0,0.0,0.0,2.0,0.0,0.0,0.0,0.0,0.0,0.0,0.0,0.0,0.0,0.0,0.0,0.0,0.0,0.0,0.0,0.0,0.0,0.0,0.0,0.0,0.0,0.0,0.0,0.0,0.0,0.0,0.0,0.0,0.0,0.0,0.0,32.0,2017,4,SU0775065316,"51.386837, -1.8900159",seed_mix,pH_8,36.6,Yes,No,Yes,No,New
TownsendFarm_2,4190.0,2263.0,192.0,207.0,1134.0,789.0,139.0,60.0,416.0,159.0,126.0,25.0,0.0,18.0,16.0,26.0,0.0,12.0,7.0,90.0,101.0,69.0,11.0,90.0,7.0,0.0,232.0,3.0,15.0,0.0,434.0,57.0,0.0,17.0,0.0,40.0,0.0,0.0,0.0,0.0,0.0,0.0,0.0,0.0,7.0,0.0,0.0,0.0,0.0,0.0,6.0,0.0,0.0,30.0,0.0,0.0,0.0,0.0,0.0,0.0,0.0,9.0,0.0,0.0,0.0,0.0,0.0,0.0,0.0,1.0,0.0,0.0,2.0,0.0,0.0,0.0,0.0,0.0,0.0,0.0,0.0,0.0,0.0,0.0,0.0,0.0,0.0,0.0,0.0,0.0,0.0,0.0,0.0,0.0,0.0,0.0,0.0,0.0,0.0,0.0,0.0,0.0,0.0,0.0,0.0,0.0,0.0,0.0,0.0,0.0,0.0,0.0,0.0,0.0,0.0,0.0,0.0,0.0,0.0,0.0,0.0,0.0,0.0,0.0,0.0,0.0,0.0,0.0,0.0,0.0,0.0,0.0,0.0,0.0,0.0,0.0,0.0,0.0,0.0,0.0,0.0,0.0,0.0,0.0,0.0,0.0,0.0,0.0,0.0,0.0,0.0,0.0,0.0,0.0,0.0,33.0,2010,11,SU0705164722,"51.381505, -1.9000725",seed_mix,pH_8,21.2,Yes,No,Yes,No,Intermediate
TownsendFarm_3_big,3458.0,1705.0,413.0,121.0,981.0,515.0,389.0,84.0,1354.0,2.0,40.0,50.0,281.0,42.0,0.0,630.0,8.0,3.0,316.0,97.0,1.0,39.0,125.0,12.0,0.0,8.0,4.0,12.0,0.0,12.0,19.0,1.0,7.0,20.0,0.0,18.0,12.0,63.0,8.0,0.0,0.0,0.0,0.0,12.0,2.0,0.0,0.0,0.0,23.0,0.0,28.0,0.0,2.0,11.0,12.0,0.0,0.0,0.0,1.0,0.0,0.0,0.0,0.0,0.0,0.0,0.0,0.0,1.0,5.0,7.0,0.0,0.0,0.0,0.0,0.0,0.0,0.0,0.0,0.0,0.0,0.0,0.0,0.0,0.0,7.0,0.0,1.0,30.0,0.0,0.0,0.0,0.0,7.0,0.0,0.0,0.0,0.0,0.0,0.0,0.0,0.0,0.0,0.0,0.0,0.0,0.0,0.0,0.0,0.0,1.0,0.0,0.0,0.0,0.0,0.0,0.0,0.0,0.0,0.0,0.0,0.0,0.0,0.0,0.0,0.0,0.0,0.0,0.0,0.0,0.0,0.0,0.0,0.0,0.0,0.0,0.0,0.0,0.0,0.0,0.0,0.0,0.0,0.0,0.0,0.0,0.0,0.0,0.0,0.0,0.0,0.0,0.0,0.0,0.0,0.0,34.0,2014,7,SU0886965184,"51.385634, -1.8739384",Green_hay_bush,pH_7,42.7,Yes,No,Yes,No,New
ChurchFarm,1437.0,948.0,1211.0,16.0,542.0,514.0,461.0,26.0,831.0,55.0,178.0,1.0,176.0,466.0,2464.0,183.0,87.0,12.0,23.0,56.0,4.0,887.0,74.0,6.0,88.0,0.0,13.0,0.0,0.0,41.0,17.0,0.0,0.0,40.0,0.0,8.0,5.0,0.0,0.0,0.0,0.0,0.0,4.0,0.0,0.0,0.0,0.0,0.0,0.0,0.0,21.0,6.0,6.0,55.0,0.0,0.0,0.0,0.0,17.0,0.0,0.0,1.0,0.0,0.0,0.0,1.0,0.0,0.0,0.0,0.0,4.0,0.0,0.0,0.0,0.0,0.0,0.0,0.0,0.0,0.0,0.0,0.0,1.0,0.0,1.0,0.0,0.0,0.0,7.0,0.0,1.0,0.0,0.0,0.0,0.0,0.0,0.0,0.0,0.0,0.0,0.0,0.0,0.0,0.0,2.0,0.0,0.0,0.0,0.0,0.0,0.0,0.0,3.0,0.0,0.0,0.0,0.0,0.0,0.0,0.0,0.0,0.0,0.0,0.0,0.0,0.0,0.0,0.0,0.0,0.0,0.0,0.0,0.0,0.0,0.0,0.0,0.0,0.0,0.0,0.0,0.0,0.0,0.0,0.0,0.0,0.0,0.0,0.0,0.0,0.0,0.0,0.0,0.0,0.0,0.0,35.0,2012,9,SU0979864321,"51.377859, -1.8606121",seed_mix,pH_8,20.7,Yes,Yes,Yes,No,New
StowellFarms_1_adj,680.0,45.0,0.0,84.0,1159.0,236.0,311.0,464.0,1712.0,2563.0,96.0,875.0,4.0,4.0,127.0,46.0,4.0,0.0,44.0,15.0,2.0,912.0,9.0,0.0,540.0,316.0,59.0,0.0,0.0,0.0,5.0,0.0,0.0,8.0,0.0,61.0,93.0,330.0,0.0,1.0,0.0,0.0,0.0,0.0,36.0,0.0,0.0,0.0,40.0,0.0,16.0,0.0,0.0,0.0,0.0,0.0,0.0,0.0,0.0,0.0,46.0,0.0,0.0,0.0,0.0,0.0,0.0,0.0,0.0,0.0,8.0,0.0,0.0,0.0,0.0,0.0,11.0,0.0,0.0,0.0,0.0,0.0,0.0,0.0,36.0,0.0,0.0,0.0,0.0,0.0,0.0,0.0,0.0,0.0,0.0,0.0,0.0,0.0,0.0,1.0,0.0,0.0,0.0,0.0,0.0,0.0,0.0,0.0,0.0,0.0,0.0,0.0,0.0,0.0,0.0,0.0,0.0,0.0,0.0,0.0,0.0,0.0,0.0,0.0,0.0,0.0,0.0,0.0,0.0,0.0,0.0,0.0,0.0,0.0,0.0,0.0,0.0,0.0,0.0,0.0,0.0,0.0,0.0,0.0,0.0,0.0,0.0,0.0,0.0,1.0,0.0,0.0,0.0,0.0,0.0,36.0,2015,6,SU1362464180,"51.376513, -1.8056466",seed_mix,pH_6,21.8,Yes,Yes,Yes,Yes,New
MannorFmAltonBarnes,931.0,932.0,1076.0,14.0,574.0,429.0,1091.0,138.0,1222.0,247.0,851.0,20.0,102.0,392.0,198.0,469.0,73.0,427.0,55.0,79.0,19.0,142.0,126.0,15.0,38.0,38.0,82.0,1.0,0.0,5.0,215.0,7.0,8.0,117.0,0.0,30.0,96.0,18.0,10.0,7.0,0.0,0.0,6.0,37.0,5.0,279.0,9.0,0.0,1.0,0.0,71.0,27.0,0.0,3.0,0.0,12.0,0.0,2.0,11.0,0.0,0.0,4.0,0.0,0.0,54.0,3.0,6.0,0.0,0.0,0.0,26.0,0.0,1.0,0.0,0.0,7.0,22.0,2.0,0.0,0.0,0.0,0.0,12.0,9.0,0.0,12.0,0.0,3.0,7.0,0.0,9.0,0.0,0.0,0.0,0.0,2.0,8.0,0.0,0.0,0.0,7.0,5.0,1.0,0.0,6.0,0.0,0.0,0.0,0.0,8.0,0.0,4.0,0.0,0.0,0.0,0.0,0.0,1.0,0.0,1.0,0.0,2.0,14.0,0.0,0.0,0.0,0.0,0.0,0.0,0.0,0.0,0.0,0.0,0.0,0.0,0.0,0.0,0.0,0.0,0.0,0.0,0.0,0.0,0.0,0.0,0.0,0.0,0.0,0.0,0.0,5.0,0.0,0.0,2.0,0.0,,2012,9,SU1211561331,"51.35093, -1.827423",seed_mix,pH_8,21.6,Yes,Yes,Yes,No,New
HommingtonFarm,1242.0,183.0,164.0,130.0,1571.0,385.0,1435.0,46.0,981.0,63.0,4186.0,0.0,89.0,67.0,0.0,23.0,0.0,61.0,0.0,12.0,0.0,125.0,25.0,92.0,1.0,0.0,7.0,0.0,0.0,17.0,28.0,13.0,0.0,0.0,0.0,12.0,0.0,0.0,0.0,6.0,0.0,0.0,0.0,0.0,12.0,0.0,0.0,0.0,0.0,0.0,0.0,0.0,0.0,0.0,0.0,0.0,0.0,0.0,0.0,0.0,0.0,0.0,0.0,0.0,0.0,0.0,13.0,0.0,0.0,0.0,0.0,0.0,0.0,0.0,0.0,4.0,0.0,0.0,0.0,0.0,0.0,0.0,0.0,0.0,0.0,0.0,0.0,0.0,0.0,7.0,0.0,0.0,0.0,0.0,0.0,0.0,0.0,0.0,0.0,0.0,0.0,0.0,0.0,0.0,0.0,0.0,0.0,0.0,0.0,0.0,0.0,0.0,0.0,0.0,0.0,0.0,0.0,0.0,0.0,0.0,0.0,0.0,0.0,0.0,0.0,0.0,0.0,0.0,0.0,0.0,0.0,0.0,0.0,0.0,0.0,0.0,0.0,0.0,0.0,0.0,0.0,0.0,0.0,0.0,0.0,0.0,0.0,0.0,0.0,0.0,0.0,0.0,0.0,0.0,0.0,38.0,2014,7,SU1332825982,"51.033048, -1.811306",seed_mix,pH_8,26.3,Yes,Yes,Yes,Yes,New
ThropeManor_1,709.0,1954.0,310.0,367.0,471.0,347.0,420.0,664.0,2636.0,416.0,366.0,95.0,122.0,38.0,2.0,283.0,12.0,13.0,665.0,53.0,13.0,244.0,61.0,10.0,16.0,0.0,0.0,0.0,0.0,6.0,62.0,0.0,0.0,61.0,0.0,89.0,0.0,203.0,0.0,0.0,0.0,0.0,2.0,0.0,11.0,0.0,0.0,8.0,25.0,0.0,8.0,0.0,0.0,24.0,0.0,0.0,3.0,0.0,28.0,0.0,0.0,7.0,0.0,0.0,0.0,0.0,0.0,0.0,9.0,0.0,2.0,0.0,0.0,0.0,4.0,0.0,23.0,0.0,0.0,0.0,0.0,0.0,11.0,7.0,0.0,0.0,0.0,0.0,0.0,0.0,0.0,0.0,5.0,0.0,0.0,0.0,0.0,0.0,0.0,0.0,0.0,0.0,17.0,0.0,0.0,0.0,0.0,4.0,0.0,0.0,0.0,0.0,1.0,0.0,0.0,0.0,64.0,0.0,0.0,0.0,0.0,0.0,1.0,0.0,0.0,0.0,0.0,0.0,0.0,0.0,0.0,0.0,0.0,0.0,0.0,0.0,9.0,0.0,7.0,8.0,0.0,0.0,0.0,0.0,4.0,0.0,0.0,0.0,0.0,0.0,0.0,0.0,0.0,0.0,0.0,39.0,2002,19,SU0886123850,"51.013962, -1.8750607",seed_mix,pH_7,78.1,Yes,No,Yes,No,Intermediate
ThropeManor_2,1368.0,823.0,202.0,317.0,2022.0,507.0,568.0,839.0,2124.0,320.0,730.0,57.0,188.0,26.0,8.0,192.0,11.0,43.0,50.0,21.0,7.0,40.0,29.0,31.0,71.0,0.0,2.0,186.0,0.0,2.0,24.0,0.0,0.0,2.0,0.0,7.0,8.0,25.0,0.0,0.0,0.0,0.0,0.0,2.0,28.0,15.0,0.0,0.0,57.0,0.0,9.0,0.0,0.0,0.0,0.0,0.0,1.0,0.0,0.0,4.0,0.0,0.0,1.0,0.0,0.0,0.0,0.0,3.0,0.0,0.0,2.0,0.0,6.0,0.0,0.0,0.0,0.0,5.0,0.0,0.0,0.0,1.0,0.0,0.0,2.0,0.0,0.0,1.0,0.0,13.0,0.0,0.0,0.0,0.0,0.0,0.0,0.0,0.0,0.0,0.0,0.0,0.0,0.0,0.0,0.0,0.0,0.0,0.0,0.0,0.0,0.0,0.0,0.0,0.0,0.0,0.0,0.0,0.0,0.0,0.0,0.0,0.0,0.0,0.0,0.0,0.0,0.0,0.0,0.0,0.0,0.0,0.0,0.0,0.0,0.0,0.0,0.0,0.0,0.0,0.0,0.0,0.0,0.0,0.0,0.0,0.0,0.0,0.0,0.0,0.0,0.0,0.0,0.0,0.0,0.0,40.0,1998,23,SU0843924348,"51.018447, -1.8810649",seed_mix,pH_7,28.8,Yes,No,Yes,Yes,Old
ThropeManor_3,2228.0,1396.0,415.0,663.0,2161.0,470.0,597.0,105.0,1482.0,86.0,114.0,16.0,232.0,60.0,8.0,74.0,6.0,5.0,67.0,51.0,0.0,179.0,75.0,301.0,0.0,0.0,21.0,1.0,0.0,11.0,23.0,0.0,0.0,10.0,0.0,0.0,0.0,10.0,2.0,31.0,0.0,0.0,6.0,0.0,13.0,5.0,0.0,3.0,0.0,0.0,13.0,0.0,0.0,0.0,0.0,2.0,0.0,0.0,0.0,4.0,0.0,0.0,5.0,13.0,1.0,0.0,1.0,11.0,0.0,0.0,0.0,0.0,0.0,0.0,0.0,0.0,0.0,17.0,0.0,0.0,3.0,0.0,0.0,0.0,0.0,0.0,0.0,0.0,0.0,3.0,0.0,0.0,0.0,0.0,0.0,0.0,0.0,0.0,0.0,0.0,0.0,0.0,0.0,0.0,0.0,0.0,0.0,0.0,0.0,0.0,0.0,0.0,0.0,0.0,0.0,0.0,0.0,0.0,0.0,0.0,0.0,0.0,0.0,0.0,0.0,0.0,0.0,0.0,0.0,0.0,0.0,0.0,0.0,0.0,0.0,0.0,0.0,0.0,0.0,0.0,0.0,0.0,0.0,0.0,0.0,0.0,0.0,0.0,0.0,0.0,0.0,0.0,0.0,0.0,0.0,41.0,2000,21,SU0901525189,"51.026001, -1.8728325",seed_mix,pH_8,28.5,Yes,No,Yes,No,Old
MannorFmBroadChalke,1225.0,797.0,253.0,79.0,1877.0,462.0,1036.0,357.0,1523.0,434.0,1589.0,24.0,174.0,85.0,6.0,79.0,91.0,342.0,78.0,110.0,0.0,13.0,67.0,0.0,2.0,1.0,44.0,4.0,0.0,17.0,10.0,1.0,0.0,34.0,0.0,30.0,0.0,0.0,40.0,2.0,0.0,0.0,0.0,16.0,2.0,14.0,0.0,0.0,0.0,0.0,5.0,5.0,0.0,1.0,0.0,1.0,0.0,0.0,0.0,0.0,0.0,0.0,0.0,0.0,0.0,0.0,9.0,0.0,0.0,0.0,2.0,0.0,13.0,0.0,0.0,0.0,0.0,27.0,0.0,0.0,0.0,0.0,0.0,0.0,0.0,0.0,1.0,0.0,0.0,2.0,0.0,0.0,0.0,0.0,0.0,13.0,0.0,0.0,0.0,0.0,0.0,0.0,0.0,0.0,0.0,0.0,2.0,0.0,0.0,0.0,0.0,0.0,0.0,0.0,0.0,0.0,0.0,0.0,0.0,0.0,0.0,0.0,0.0,0.0,0.0,0.0,0.0,0.0,0.0,0.0,0.0,0.0,1.0,0.0,0.0,0.0,0.0,0.0,0.0,0.0,0.0,0.0,0.0,0.0,0.0,0.0,0.0,0.0,0.0,0.0,0.0,0.0,0.0,0.0,0.0,42.0,2010,11,SU0468023121,"51.007455, -1.9346701",Green_hay_bush,pH_8,24.3,No,No,Yes,No,Intermediate
BigleyFm_1,5394.0,558.0,17.0,134.0,948.0,624.0,217.0,537.0,1293.0,243.0,404.0,1.0,118.0,89.0,0.0,69.0,27.0,0.0,114.0,12.0,0.0,4.0,15.0,78.0,30.0,0.0,0.0,0.0,0.0,4.0,2.0,0.0,0.0,0.0,0.0,13.0,0.0,5.0,0.0,0.0,0.0,0.0,0.0,0.0,0.0,0.0,2.0,3.0,0.0,0.0,35.0,0.0,0.0,0.0,0.0,0.0,0.0,0.0,0.0,0.0,0.0,0.0,2.0,0.0,0.0,0.0,0.0,0.0,0.0,0.0,0.0,0.0,0.0,0.0,0.0,0.0,0.0,0.0,0.0,0.0,0.0,0.0,0.0,6.0,0.0,0.0,0.0,0.0,0.0,0.0,0.0,0.0,0.0,0.0,0.0,0.0,0.0,0.0,0.0,0.0,0.0,0.0,0.0,0.0,0.0,0.0,0.0,0.0,0.0,0.0,0.0,0.0,0.0,0.0,0.0,2.0,0.0,0.0,0.0,0.0,0.0,0.0,0.0,0.0,0.0,0.0,0.0,0.0,0.0,0.0,0.0,0.0,0.0,0.0,0.0,0.0,0.0,0.0,0.0,0.0,0.0,0.0,0.0,0.0,0.0,0.0,0.0,0.0,0.0,0.0,0.0,0.0,0.0,0.0,0.0,43.0,2014,7,ST9798720966,"50.988091, -2.0300532",seed_mix,pH_8,31.3,Yes,Yes,Yes,Yes,New
BigleyFm_2,1003.0,1453.0,267.0,410.0,1750.0,693.0,339.0,598.0,2209.0,161.0,1082.0,87.0,147.0,26.0,0.0,126.0,2.0,9.0,267.0,28.0,24.0,7.0,24.0,55.0,0.0,2.0,0.0,1.0,0.0,0.0,8.0,0.0,0.0,1.0,0.0,20.0,0.0,32.0,3.0,0.0,0.0,0.0,0.0,0.0,29.0,17.0,0.0,34.0,0.0,0.0,11.0,0.0,0.0,6.0,0.0,0.0,0.0,0.0,0.0,24.0,0.0,0.0,0.0,0.0,0.0,0.0,0.0,27.0,0.0,0.0,0.0,0.0,0.0,0.0,0.0,0.0,0.0,0.0,0.0,0.0,0.0,0.0,0.0,0.0,0.0,0.0,5.0,4.0,0.0,5.0,0.0,0.0,2.0,0.0,0.0,0.0,0.0,0.0,0.0,0.0,0.0,0.0,0.0,0.0,0.0,0.0,0.0,0.0,0.0,0.0,0.0,0.0,0.0,0.0,0.0,0.0,0.0,0.0,0.0,0.0,0.0,0.0,0.0,0.0,0.0,0.0,0.0,0.0,0.0,0.0,0.0,0.0,0.0,0.0,0.0,0.0,0.0,0.0,0.0,0.0,0.0,0.0,0.0,0.0,0.0,0.0,0.0,0.0,0.0,0.0,0.0,0.0,0.0,0.0,2.0,44.0,2017,4,ST9796821801,"50.9956, -2.0303288",seed_mix,pH_7,46.8,Yes,Yes,Yes,Yes,New
NorringtonMannorFm_1,5022.0,1773.0,342.0,42.0,576.0,677.0,290.0,90.0,1236.0,27.0,133.0,63.0,133.0,82.0,3.0,66.0,6.0,8.0,36.0,74.0,5.0,1.0,47.0,47.0,0.0,6.0,13.0,5.0,0.0,1.0,55.0,2.0,0.0,9.0,0.0,33.0,0.0,1.0,3.0,6.0,0.0,0.0,0.0,0.0,2.0,6.0,0.0,6.0,0.0,0.0,3.0,0.0,1.0,12.0,0.0,0.0,0.0,0.0,0.0,0.0,0.0,2.0,0.0,0.0,0.0,0.0,0.0,40.0,5.0,0.0,0.0,0.0,5.0,0.0,0.0,1.0,0.0,0.0,0.0,0.0,0.0,0.0,0.0,3.0,0.0,1.0,0.0,0.0,0.0,0.0,0.0,0.0,0.0,0.0,0.0,0.0,0.0,0.0,0.0,0.0,0.0,0.0,0.0,0.0,0.0,0.0,0.0,0.0,0.0,0.0,0.0,0.0,0.0,0.0,0.0,0.0,0.0,0.0,0.0,0.0,0.0,0.0,0.0,0.0,0.0,0.0,0.0,0.0,0.0,0.0,0.0,0.0,0.0,0.0,0.0,0.0,0.0,0.0,0.0,0.0,0.0,0.0,0.0,0.0,0.0,0.0,0.0,0.0,0.0,0.0,0.0,0.0,0.0,0.0,0.0,45.0,2009,12,ST9689721419,"50.99216, -2.0455866",seed_mix,pH_7,33.5,No,No,Yes,Yes,Intermediate
NorringtonMannorFm_2,1258.0,423.0,109.0,1.0,1319.0,914.0,2287.0,574.0,1320.0,152.0,842.0,0.0,255.0,49.0,0.0,116.0,55.0,5.0,12.0,45.0,1.0,409.0,39.0,10.0,0.0,1.0,8.0,67.0,0.0,30.0,24.0,230.0,0.0,12.0,132.0,36.0,1.0,0.0,36.0,1.0,0.0,12.0,3.0,14.0,0.0,41.0,0.0,0.0,0.0,0.0,7.0,0.0,0.0,0.0,13.0,1.0,0.0,6.0,0.0,3.0,0.0,0.0,0.0,0.0,0.0,0.0,0.0,11.0,0.0,0.0,0.0,0.0,0.0,0.0,0.0,0.0,0.0,0.0,0.0,38.0,0.0,8.0,0.0,0.0,0.0,0.0,0.0,0.0,6.0,0.0,0.0,0.0,0.0,0.0,0.0,0.0,0.0,0.0,0.0,0.0,0.0,0.0,2.0,0.0,0.0,0.0,0.0,0.0,58.0,0.0,0.0,0.0,0.0,0.0,0.0,1.0,0.0,0.0,0.0,0.0,0.0,0.0,0.0,0.0,0.0,0.0,0.0,0.0,0.0,0.0,0.0,0.0,0.0,0.0,0.0,0.0,0.0,0.0,0.0,0.0,0.0,0.0,0.0,0.0,0.0,0.0,0.0,3.0,0.0,0.0,0.0,0.0,0.0,0.0,0.0,46.0,2009,12,ST9699420390,"50.982907, -2.0441957",seed_mix,pH_8,28.5,No,No,Yes,No,Intermediate
ManorFmBerwickStJohn_1,1088.0,988.0,103.0,427.0,1644.0,212.0,921.0,966.0,2238.0,341.0,1213.0,33.0,261.0,38.0,1.0,41.0,8.0,0.0,131.0,68.0,1.0,73.0,13.0,6.0,5.0,0.0,0.0,0.0,0.0,7.0,30.0,0.0,0.0,3.0,0.0,13.0,0.0,29.0,0.0,0.0,0.0,18.0,0.0,0.0,15.0,0.0,0.0,2.0,0.0,0.0,23.0,0.0,0.0,0.0,0.0,0.0,0.0,0.0,0.0,0.0,0.0,2.0,0.0,0.0,0.0,0.0,0.0,0.0,0.0,0.0,0.0,0.0,0.0,0.0,0.0,0.0,5.0,0.0,0.0,0.0,0.0,0.0,0.0,17.0,0.0,0.0,0.0,0.0,0.0,0.0,0.0,0.0,0.0,0.0,0.0,0.0,0.0,14.0,0.0,0.0,0.0,0.0,0.0,0.0,0.0,0.0,0.0,0.0,0.0,0.0,0.0,0.0,0.0,0.0,0.0,0.0,0.0,0.0,0.0,0.0,2.0,0.0,0.0,0.0,0.0,0.0,0.0,0.0,0.0,0.0,0.0,0.0,0.0,0.0,0.0,0.0,0.0,0.0,0.0,0.0,0.0,0.0,0.0,0.0,0.0,0.0,0.0,0.0,0.0,0.0,0.0,0.0,0.0,0.0,0.0,47.0,2014,7,ST9468023123,"51.007466, -2.0772007",seed_mix,pH_7,17.83,Yes,Yes,Yes,No,New
ManorFmBerwickStJohn_3,1320.0,986.0,240.0,598.0,1918.0,735.0,347.0,699.0,1991.0,154.0,1220.0,108.0,97.0,33.0,5.0,30.0,0.0,7.0,236.0,17.0,4.0,7.0,34.0,17.0,0.0,0.0,0.0,2.0,0.0,3.0,5.0,0.0,0.0,0.0,0.0,3.0,12.0,19.0,0.0,1.0,0.0,0.0,0.0,1.0,24.0,22.0,0.0,34.0,0.0,0.0,15.0,0.0,0.0,6.0,0.0,0.0,0.0,8.0,0.0,10.0,0.0,0.0,0.0,0.0,0.0,0.0,0.0,4.0,19.0,0.0,0.0,0.0,0.0,0.0,0.0,0.0,2.0,0.0,0.0,0.0,0.0,0.0,0.0,0.0,0.0,0.0,0.0,2.0,0.0,0.0,0.0,0.0,3.0,0.0,0.0,0.0,0.0,0.0,0.0,0.0,0.0,0.0,0.0,0.0,0.0,0.0,0.0,0.0,0.0,0.0,0.0,0.0,0.0,0.0,0.0,0.0,0.0,0.0,0.0,0.0,0.0,0.0,2.0,0.0,0.0,0.0,0.0,0.0,0.0,0.0,0.0,0.0,0.0,0.0,0.0,0.0,0.0,0.0,0.0,0.0,0.0,0.0,0.0,0.0,0.0,0.0,0.0,0.0,0.0,0.0,0.0,0.0,0.0,0.0,0.0,48.0,2018,3,ST9422022841,"51.004926, -2.0837525",seed_mix,pH_8,23.0,Yes,Yes,Yes,No,New
Jemma_1,3128.0,139.0,51.0,149.0,1658.0,2022.0,535.0,130.0,753.0,74.0,123.0,12.0,978.0,607.0,0.0,53.0,74.0,2.0,1.0,128.0,10.0,26.0,35.0,4.0,0.0,5.0,3.0,0.0,0.0,7.0,8.0,0.0,11.0,4.0,0.0,14.0,0.0,0.0,89.0,0.0,0.0,0.0,4.0,105.0,2.0,32.0,0.0,0.0,0.0,0.0,0.0,0.0,0.0,0.0,0.0,0.0,0.0,0.0,0.0,0.0,0.0,0.0,0.0,0.0,0.0,0.0,0.0,0.0,0.0,0.0,6.0,0.0,0.0,0.0,10.0,0.0,3.0,0.0,0.0,0.0,0.0,0.0,0.0,0.0,0.0,0.0,0.0,0.0,0.0,0.0,0.0,0.0,0.0,0.0,0.0,0.0,0.0,0.0,0.0,0.0,0.0,0.0,0.0,0.0,0.0,0.0,0.0,0.0,0.0,0.0,0.0,0.0,0.0,0.0,5.0,0.0,0.0,0.0,0.0,0.0,0.0,0.0,0.0,0.0,0.0,0.0,0.0,0.0,0.0,0.0,0.0,0.0,0.0,0.0,0.0,0.0,0.0,0.0,0.0,0.0,0.0,0.0,0.0,0.0,0.0,0.0,0.0,0.0,0.0,0.0,0.0,0.0,0.0,0.0,0.0,49.0,2010,11,SU1405276456,"51.486882, -1.7990143",Green_hay_bush,pH_8,33.5,Yes,Yes,Yes,No,Intermediate
Jemma_2,4293.0,461.0,336.0,243.0,2611.0,528.0,285.0,60.0,858.0,20.0,67.0,72.0,190.0,125.0,2.0,210.0,32.0,67.0,90.0,59.0,0.0,0.0,33.0,16.0,34.0,11.0,42.0,0.0,0.0,1.0,149.0,0.0,2.0,19.0,0.0,13.0,2.0,0.0,2.0,0.0,0.0,0.0,5.0,0.0,1.0,0.0,0.0,0.0,6.0,0.0,12.0,0.0,14.0,0.0,0.0,0.0,0.0,0.0,0.0,0.0,0.0,0.0,18.0,0.0,0.0,0.0,0.0,0.0,0.0,0.0,4.0,0.0,0.0,0.0,0.0,0.0,0.0,0.0,0.0,0.0,0.0,0.0,0.0,0.0,1.0,0.0,6.0,0.0,0.0,0.0,0.0,0.0,0.0,0.0,0.0,0.0,0.0,0.0,0.0,0.0,0.0,0.0,0.0,0.0,0.0,0.0,0.0,0.0,0.0,0.0,0.0,0.0,0.0,0.0,0.0,0.0,0.0,0.0,0.0,0.0,0.0,0.0,0.0,0.0,0.0,0.0,0.0,0.0,0.0,0.0,0.0,0.0,0.0,0.0,0.0,0.0,0.0,0.0,0.0,0.0,0.0,0.0,0.0,0.0,0.0,0.0,0.0,0.0,0.0,0.0,0.0,0.0,0.0,0.0,0.0,50.0,2008,13,SU1194873670,"51.46188, -1.8294093",Natural_regen,pH_7,104.2,No,Yes,No,No,Intermediate
Jemma_7,3460.0,889.0,1388.0,306.0,1730.0,696.0,235.0,79.0,746.0,17.0,68.0,50.0,146.0,100.0,1.0,289.0,19.0,13.0,21.0,104.0,5.0,20.0,163.0,0.0,5.0,5.0,12.0,28.0,0.0,0.0,15.0,0.0,12.0,0.0,0.0,20.0,23.0,0.0,41.0,11.0,0.0,0.0,2.0,5.0,0.0,64.0,0.0,0.0,1.0,0.0,4.0,149.0,0.0,25.0,0.0,0.0,0.0,0.0,0.0,0.0,0.0,0.0,0.0,0.0,0.0,6.0,0.0,0.0,0.0,0.0,8.0,0.0,0.0,0.0,0.0,0.0,0.0,0.0,0.0,0.0,0.0,0.0,0.0,0.0,0.0,2.0,0.0,0.0,5.0,0.0,0.0,0.0,0.0,0.0,0.0,0.0,0.0,4.0,0.0,0.0,0.0,0.0,0.0,0.0,0.0,0.0,0.0,0.0,0.0,0.0,0.0,0.0,0.0,0.0,0.0,0.0,0.0,0.0,0.0,0.0,0.0,0.0,0.0,8.0,0.0,0.0,0.0,0.0,0.0,0.0,0.0,0.0,0.0,0.0,0.0,0.0,0.0,0.0,0.0,0.0,0.0,0.0,0.0,0.0,0.0,0.0,0.0,0.0,0.0,0.0,0.0,0.0,0.0,0.0,0.0,51.0,2014,7,SU1641473039,"51.456096, -1.7651546",Green_hay_bush,pH_7,106.1,No,No,Yes,Yes,New
Jemma_4,2979.0,240.0,196.0,708.0,2239.0,417.0,402.0,781.0,1510.0,369.0,162.0,33.0,218.0,28.0,16.0,69.0,61.0,24.0,53.0,63.0,122.0,18.0,101.0,0.0,0.0,9.0,5.0,0.0,0.0,6.0,14.0,0.0,0.0,18.0,0.0,16.0,14.0,7.0,15.0,5.0,0.0,0.0,0.0,28.0,0.0,4.0,0.0,0.0,0.0,0.0,0.0,0.0,0.0,0.0,1.0,0.0,0.0,5.0,0.0,0.0,0.0,0.0,0.0,0.0,0.0,0.0,0.0,0.0,0.0,0.0,4.0,0.0,20.0,0.0,0.0,0.0,12.0,6.0,0.0,0.0,0.0,0.0,0.0,0.0,1.0,0.0,1.0,0.0,0.0,0.0,0.0,0.0,0.0,0.0,0.0,0.0,0.0,0.0,0.0,0.0,0.0,0.0,0.0,0.0,0.0,0.0,0.0,0.0,0.0,0.0,0.0,0.0,0.0,0.0,0.0,0.0,0.0,0.0,0.0,0.0,0.0,0.0,0.0,0.0,0.0,0.0,0.0,0.0,0.0,0.0,0.0,0.0,0.0,0.0,0.0,0.0,0.0,0.0,0.0,0.0,0.0,0.0,0.0,0.0,0.0,0.0,0.0,0.0,0.0,0.0,0.0,0.0,0.0,0.0,0.0,52.0,2015,6,SU1261971802,"51.44507, -1.8198169",Green_hay_bush,pH_7,145.8,Yes,Yes,Yes,No,New
Jemma_5,2198.0,483.0,147.0,434.0,2942.0,964.0,886.0,159.0,951.0,184.0,317.0,52.0,194.0,97.0,91.0,60.0,0.0,230.0,34.0,5.0,50.0,0.0,31.0,14.0,23.0,0.0,2.0,0.0,0.0,11.0,24.0,5.0,0.0,5.0,0.0,114.0,8.0,0.0,1.0,4.0,0.0,0.0,18.0,0.0,12.0,33.0,0.0,8.0,0.0,0.0,0.0,0.0,0.0,0.0,0.0,0.0,89.0,8.0,0.0,0.0,0.0,2.0,0.0,0.0,0.0,45.0,0.0,0.0,2.0,0.0,1.0,0.0,0.0,0.0,14.0,24.0,3.0,8.0,6.0,0.0,0.0,0.0,0.0,0.0,0.0,3.0,0.0,0.0,0.0,0.0,0.0,0.0,0.0,0.0,0.0,0.0,0.0,0.0,0.0,0.0,0.0,0.0,0.0,0.0,0.0,0.0,0.0,0.0,0.0,0.0,0.0,0.0,0.0,0.0,0.0,0.0,0.0,0.0,0.0,0.0,0.0,0.0,0.0,0.0,0.0,0.0,0.0,0.0,0.0,0.0,4.0,0.0,0.0,0.0,0.0,0.0,0.0,0.0,0.0,0.0,0.0,0.0,0.0,0.0,0.0,0.0,0.0,0.0,0.0,0.0,0.0,0.0,0.0,0.0,0.0,53.0,2015,6,SU1538172691,"51.452995, -1.7800368",seed_mix,pH_8,77.7,Yes,No,Yes,No,New
Jemma_6,2812.0,406.0,151.0,327.0,1850.0,494.0,644.0,140.0,708.0,76.0,618.0,205.0,302.0,186.0,273.0,106.0,66.0,875.0,6.0,47.0,20.0,0.0,25.0,57.0,5.0,0.0,16.0,23.0,0.0,44.0,68.0,21.0,0.0,51.0,85.0,69.0,3.0,0.0,17.0,0.0,0.0,0.0,7.0,9.0,38.0,40.0,0.0,1.0,0.0,0.0,2.0,0.0,0.0,4.0,0.0,0.0,18.0,12.0,0.0,0.0,0.0,7.0,8.0,0.0,0.0,18.0,0.0,0.0,0.0,0.0,0.0,0.0,0.0,0.0,0.0,2.0,5.0,0.0,6.0,0.0,22.0,0.0,0.0,0.0,2.0,0.0,1.0,0.0,0.0,0.0,0.0,0.0,0.0,0.0,0.0,0.0,0.0,0.0,0.0,0.0,0.0,0.0,0.0,0.0,0.0,0.0,0.0,0.0,0.0,0.0,0.0,0.0,0.0,0.0,0.0,0.0,0.0,0.0,0.0,0.0,0.0,0.0,0.0,0.0,0.0,0.0,0.0,0.0,0.0,0.0,2.0,0.0,0.0,0.0,0.0,0.0,0.0,0.0,0.0,0.0,0.0,0.0,0.0,0.0,0.0,0.0,0.0,0.0,0.0,0.0,0.0,0.0,0.0,0.0,0.0,54.0,2013,8,SU1560872573,"51.451928, -1.7767752",seed_mix,pH_8,66.9,Yes,No,Yes,No,New
Jemma_9,6238.0,227.0,233.0,89.0,1852.0,723.0,570.0,50.0,398.0,17.0,28.0,25.0,124.0,42.0,0.0,36.0,81.0,16.0,8.0,49.0,0.0,3.0,17.0,13.0,1.0,0.0,0.0,0.0,0.0,7.0,11.0,0.0,0.0,0.0,0.0,10.0,9.0,0.0,42.0,0.0,0.0,0.0,0.0,54.0,5.0,0.0,0.0,0.0,0.0,1.0,1.0,6.0,0.0,0.0,0.0,0.0,0.0,5.0,0.0,0.0,0.0,0.0,0.0,0.0,0.0,0.0,0.0,0.0,0.0,0.0,0.0,0.0,0.0,0.0,0.0,4.0,0.0,0.0,0.0,0.0,0.0,0.0,0.0,0.0,0.0,0.0,3.0,0.0,0.0,0.0,0.0,0.0,0.0,0.0,0.0,0.0,0.0,0.0,2.0,0.0,0.0,0.0,0.0,0.0,0.0,0.0,0.0,0.0,0.0,0.0,0.0,0.0,0.0,0.0,0.0,0.0,0.0,0.0,0.0,0.0,0.0,0.0,0.0,0.0,0.0,0.0,0.0,0.0,0.0,0.0,0.0,0.0,0.0,0.0,0.0,0.0,0.0,0.0,0.0,0.0,0.0,0.0,0.0,0.0,0.0,0.0,0.0,0.0,0.0,0.0,0.0,0.0,0.0,0.0,0.0,55.0,2015,6,SU1669072674,"51.452806, -1.7611995",seed_mix,pH_8,104.9,Yes,No,Yes,No,New
HomeFarm_WoodlandTrust_Hampshire_good_1c,38.0,218.0,16.0,189.0,2998.0,39.0,1533.0,358.0,2293.0,939.0,144.0,1331.0,82.0,196.0,0.0,74.0,0.0,3.0,43.0,0.0,0.0,51.0,2.0,0.0,0.0,26.0,30.0,0.0,0.0,1.0,21.0,0.0,0.0,0.0,0.0,206.0,0.0,64.0,6.0,0.0,0.0,0.0,0.0,0.0,2.0,0.0,0.0,0.0,0.0,0.0,0.0,0.0,0.0,0.0,0.0,1.0,18.0,0.0,0.0,0.0,0.0,0.0,0.0,0.0,0.0,0.0,0.0,1.0,0.0,0.0,4.0,0.0,10.0,4.0,0.0,0.0,0.0,0.0,0.0,0.0,0.0,0.0,0.0,0.0,30.0,0.0,0.0,0.0,0.0,0.0,0.0,29.0,0.0,0.0,0.0,0.0,0.0,0.0,0.0,0.0,0.0,0.0,0.0,0.0,0.0,0.0,0.0,0.0,0.0,0.0,0.0,0.0,0.0,0.0,0.0,0.0,0.0,0.0,0.0,0.0,0.0,0.0,0.0,0.0,0.0,0.0,0.0,0.0,0.0,0.0,0.0,0.0,0.0,0.0,0.0,0.0,0.0,0.0,0.0,0.0,0.0,0.0,0.0,0.0,0.0,0.0,0.0,0.0,0.0,0.0,0.0,0.0,0.0,0.0,0.0,56.0,1994,27,SU6579941829,"51.171925, -1.0602025",seed_mix,pH_6,28.4,No,Yes,No,No,Old
Crux_easton_70b1,3761.0,543.0,242.0,110.0,2792.0,613.0,711.0,182.0,936.0,88.0,78.0,157.0,203.0,29.0,10.0,33.0,57.0,39.0,10.0,18.0,0.0,11.0,4.0,32.0,0.0,0.0,31.0,0.0,0.0,0.0,2.0,7.0,3.0,1.0,0.0,75.0,0.0,0.0,0.0,111.0,0.0,0.0,0.0,0.0,0.0,0.0,0.0,0.0,0.0,0.0,0.0,0.0,7.0,26.0,0.0,0.0,0.0,6.0,0.0,0.0,0.0,0.0,15.0,0.0,12.0,0.0,0.0,0.0,0.0,0.0,0.0,0.0,0.0,0.0,16.0,0.0,0.0,0.0,3.0,0.0,0.0,0.0,0.0,3.0,0.0,6.0,0.0,0.0,0.0,0.0,12.0,0.0,0.0,0.0,0.0,0.0,0.0,0.0,0.0,0.0,5.0,0.0,0.0,0.0,0.0,0.0,0.0,0.0,0.0,0.0,0.0,0.0,0.0,0.0,0.0,0.0,0.0,0.0,0.0,0.0,0.0,0.0,0.0,0.0,0.0,0.0,0.0,0.0,0.0,0.0,0.0,0.0,0.0,0.0,0.0,0.0,0.0,0.0,0.0,0.0,0.0,0.0,0.0,0.0,0.0,0.0,0.0,0.0,0.0,0.0,0.0,0.0,0.0,0.0,0.0,57.0,2000,21,SU4192556251,"51.303843, -1.3999827",seed_mix,pH_7,80.7,No,No,Yes,Yes,Old
Crux_easton_70b2,2300.0,526.0,466.0,263.0,2376.0,1551.0,1162.0,143.0,755.0,125.0,81.0,3.0,179.0,68.0,10.0,293.0,17.0,6.0,29.0,32.0,53.0,160.0,13.0,0.0,16.0,0.0,0.0,0.0,0.0,19.0,42.0,0.0,0.0,32.0,0.0,115.0,0.0,0.0,0.0,0.0,0.0,0.0,14.0,0.0,18.0,0.0,0.0,0.0,0.0,0.0,73.0,0.0,0.0,0.0,0.0,0.0,0.0,9.0,0.0,0.0,0.0,1.0,0.0,0.0,0.0,0.0,0.0,0.0,0.0,0.0,0.0,0.0,0.0,0.0,0.0,0.0,0.0,0.0,0.0,0.0,20.0,0.0,0.0,3.0,0.0,0.0,27.0,0.0,0.0,0.0,0.0,0.0,0.0,0.0,0.0,0.0,0.0,0.0,0.0,0.0,0.0,0.0,0.0,0.0,0.0,0.0,0.0,0.0,0.0,0.0,0.0,0.0,0.0,0.0,0.0,0.0,0.0,0.0,0.0,0.0,0.0,0.0,0.0,0.0,0.0,0.0,0.0,0.0,0.0,0.0,0.0,0.0,0.0,0.0,0.0,0.0,0.0,0.0,0.0,0.0,0.0,0.0,0.0,0.0,0.0,0.0,0.0,0.0,0.0,0.0,0.0,0.0,0.0,0.0,0.0,58.0,2002,19,SU4195056550,"51.306529, -1.399589",seed_mix,pH_8,76.3,Yes,No,Yes,No,Intermediate
Martin_Down_arabel_reversion,1944.0,288.0,76.0,37.0,3582.0,226.0,598.0,451.0,1808.0,167.0,306.0,4.0,235.0,74.0,5.0,273.0,0.0,0.0,80.0,33.0,0.0,217.0,84.0,22.0,114.0,2.0,0.0,0.0,0.0,16.0,61.0,0.0,0.0,0.0,3.0,13.0,23.0,61.0,16.0,0.0,0.0,12.0,0.0,0.0,4.0,0.0,0.0,0.0,15.0,28.0,0.0,10.0,3.0,0.0,0.0,0.0,0.0,2.0,20.0,2.0,0.0,0.0,2.0,0.0,0.0,0.0,0.0,0.0,0.0,0.0,0.0,0.0,1.0,0.0,0.0,0.0,0.0,0.0,0.0,0.0,0.0,0.0,0.0,4.0,0.0,0.0,0.0,0.0,24.0,0.0,0.0,0.0,0.0,1.0,27.0,0.0,0.0,0.0,0.0,0.0,0.0,1.0,0.0,0.0,0.0,0.0,0.0,9.0,0.0,0.0,10.0,0.0,0.0,0.0,0.0,0.0,0.0,0.0,2.0,1.0,0.0,0.0,0.0,0.0,0.0,0.0,0.0,0.0,0.0,0.0,0.0,0.0,0.0,0.0,0.0,0.0,0.0,0.0,0.0,0.0,0.0,0.0,3.0,0.0,0.0,0.0,0.0,0.0,0.0,0.0,0.0,0.0,0.0,0.0,0.0,59.0,1957,64,SU0390520162,"50.980853, -1.9457471",Natural_regen,pH_8,115.8,No,No,Yes,Yes,Old
Parsonage_down_reversion,3780.0,686.0,101.0,390.0,1961.0,142.0,284.0,36.0,1384.0,50.0,213.0,0.0,80.0,231.0,2.0,499.0,56.0,19.0,159.0,57.0,7.0,261.0,84.0,11.0,5.0,4.0,0.0,0.0,0.0,3.0,104.0,10.0,0.0,3.0,0.0,31.0,54.0,78.0,28.0,0.0,0.0,6.0,0.0,5.0,17.0,1.0,0.0,9.0,50.0,0.0,16.0,1.0,0.0,0.0,0.0,0.0,0.0,5.0,45.0,0.0,0.0,0.0,0.0,0.0,0.0,0.0,2.0,0.0,0.0,11.0,0.0,0.0,0.0,0.0,0.0,0.0,2.0,5.0,0.0,0.0,0.0,0.0,0.0,0.0,2.0,0.0,0.0,0.0,0.0,0.0,0.0,0.0,0.0,0.0,0.0,0.0,0.0,0.0,0.0,0.0,0.0,1.0,0.0,0.0,0.0,0.0,0.0,0.0,0.0,0.0,0.0,0.0,0.0,0.0,0.0,0.0,0.0,0.0,0.0,0.0,0.0,0.0,0.0,4.0,0.0,0.0,0.0,0.0,0.0,0.0,0.0,0.0,0.0,5.0,0.0,0.0,0.0,0.0,0.0,0.0,0.0,0.0,0.0,0.0,0.0,0.0,0.0,0.0,0.0,0.0,0.0,0.0,0.0,0.0,0.0,60.0,1945,76,SU0610341686,"51.174381, -1.9140803",Natural_regen,pH_8,89.8,No,Yes,No,Yes,Old
TARGET_MartinDown,1330.0,546.0,126.0,19.0,3913.0,227.0,376.0,775.0,1890.0,7.0,533.0,4.0,144.0,16.0,0.0,214.0,0.0,0.0,305.0,7.0,0.0,174.0,78.0,21.0,29.0,12.0,3.0,0.0,0.0,14.0,73.0,1.0,0.0,1.0,0.0,4.0,19.0,5.0,14.0,0.0,0.0,3.0,0.0,4.0,15.0,0.0,2.0,0.0,6.0,6.0,8.0,16.0,4.0,0.0,0.0,0.0,0.0,0.0,13.0,0.0,0.0,0.0,2.0,0.0,0.0,0.0,0.0,0.0,0.0,0.0,0.0,0.0,0.0,0.0,0.0,0.0,0.0,0.0,0.0,0.0,0.0,0.0,0.0,0.0,0.0,0.0,0.0,0.0,1.0,0.0,0.0,0.0,0.0,0.0,31.0,0.0,0.0,3.0,0.0,0.0,0.0,0.0,0.0,0.0,0.0,5.0,0.0,0.0,0.0,0.0,1.0,0.0,0.0,0.0,0.0,0.0,0.0,0.0,0.0,0.0,0.0,0.0,0.0,0.0,0.0,0.0,0.0,0.0,0.0,0.0,0.0,0.0,0.0,0.0,0.0,0.0,0.0,0.0,0.0,0.0,0.0,0.0,0.0,0.0,0.0,0.0,0.0,0.0,0.0,0.0,0.0,0.0,0.0,0.0,0.0,,old,>100,SU0558918665,"50.967378, -1.9217813",Natural_regen,pH_8,104.9,No,No,Yes,No,Very Old
TARGET_St_Catherines,1986.0,803.0,17.0,81.0,1798.0,273.0,236.0,636.0,1844.0,580.0,227.0,4.0,9.0,36.0,0.0,369.0,0.0,0.0,143.0,0.0,0.0,321.0,184.0,7.0,504.0,0.0,57.0,0.0,0.0,11.0,245.0,0.0,0.0,2.0,0.0,0.0,52.0,3.0,377.0,0.0,15.0,0.0,0.0,10.0,0.0,2.0,0.0,0.0,6.0,0.0,20.0,0.0,0.0,0.0,0.0,5.0,0.0,9.0,44.0,9.0,0.0,0.0,0.0,0.0,9.0,0.0,0.0,2.0,0.0,0.0,0.0,0.0,0.0,0.0,0.0,4.0,0.0,5.0,0.0,0.0,0.0,4.0,0.0,17.0,3.0,0.0,0.0,0.0,0.0,0.0,0.0,0.0,0.0,0.0,2.0,0.0,0.0,3.0,0.0,0.0,0.0,17.0,0.0,0.0,0.0,0.0,3.0,0.0,0.0,0.0,0.0,0.0,0.0,0.0,0.0,0.0,0.0,0.0,0.0,0.0,0.0,0.0,0.0,0.0,0.0,0.0,0.0,0.0,5.0,0.0,0.0,0.0,0.0,0.0,0.0,0.0,0.0,0.0,0.0,0.0,0.0,0.0,0.0,0.0,0.0,0.0,1.0,0.0,0.0,0.0,0.0,0.0,0.0,0.0,0.0,62.0,old,>100,SU4832527522,"51.045025, -1.3120365",Natural_regen,pH_7,184.8,No,No,Yes,No,Very Old
TARGET_ParsonageDown,4616.0,319.0,91.0,88.0,1335.0,290.0,533.0,80.0,1039.0,5.0,193.0,4.0,76.0,127.0,3.0,524.0,36.0,2.0,183.0,51.0,1.0,67.0,168.0,28.0,110.0,2.0,15.0,0.0,0.0,10.0,265.0,5.0,0.0,5.0,0.0,40.0,106.0,38.0,73.0,3.0,0.0,11.0,0.0,18.0,2.0,3.0,0.0,0.0,60.0,0.0,8.0,0.0,0.0,2.0,0.0,0.0,0.0,5.0,301.0,9.0,0.0,0.0,4.0,0.0,0.0,0.0,0.0,0.0,0.0,4.0,0.0,0.0,0.0,0.0,1.0,0.0,0.0,3.0,3.0,0.0,0.0,1.0,0.0,0.0,0.0,0.0,0.0,2.0,0.0,0.0,0.0,0.0,0.0,0.0,0.0,0.0,0.0,3.0,0.0,0.0,0.0,18.0,0.0,0.0,0.0,0.0,0.0,0.0,0.0,0.0,0.0,0.0,0.0,0.0,0.0,0.0,0.0,0.0,0.0,0.0,0.0,0.0,0.0,0.0,0.0,0.0,0.0,8.0,0.0,0.0,0.0,0.0,0.0,3.0,0.0,0.0,0.0,0.0,0.0,0.0,0.0,0.0,0.0,0.0,0.0,0.0,0.0,0.0,0.0,0.0,0.0,0.0,0.0,0.0,0.0,63.0,old,>100,SU0552141345,"51.17132, -1.9224106",Natural_regen,pH_8,112.3,No,No,Yes,No,Very Old
TARGET_KNEPP_A New_Barn_Field,581.0,595.0,248.0,129.0,1803.0,181.0,507.0,172.0,2667.0,812.0,165.0,727.0,195.0,153.0,0.0,121.0,9.0,22.0,631.0,11.0,0.0,128.0,44.0,4.0,66.0,15.0,233.0,0.0,0.0,6.0,83.0,0.0,0.0,27.0,0.0,101.0,52.0,49.0,15.0,0.0,0.0,0.0,0.0,0.0,7.0,4.0,0.0,0.0,0.0,0.0,18.0,0.0,27.0,61.0,0.0,9.0,6.0,0.0,6.0,3.0,92.0,0.0,0.0,0.0,0.0,0.0,0.0,0.0,0.0,0.0,7.0,24.0,62.0,28.0,0.0,27.0,0.0,0.0,2.0,0.0,0.0,0.0,0.0,0.0,20.0,0.0,0.0,7.0,0.0,0.0,0.0,0.0,0.0,0.0,0.0,0.0,0.0,0.0,0.0,0.0,0.0,0.0,0.0,0.0,2.0,0.0,0.0,10.0,0.0,0.0,0.0,0.0,0.0,0.0,0.0,0.0,0.0,0.0,0.0,0.0,0.0,0.0,0.0,0.0,0.0,11.0,10.0,0.0,0.0,0.0,0.0,0.0,0.0,0.0,0.0,0.0,0.0,0.0,0.0,0.0,0.0,0.0,0.0,0.0,0.0,0.0,0.0,0.0,0.0,0.0,0.0,0.0,5.0,0.0,0.0,64.0,2006,15,TQ1420019600,"50.964513, -0.3751305",Natural_regen,pH_6,48.7,No,Yes,No,,Intermediate
Knepp_Pond_field,408.0,199.0,28.0,25.0,773.0,42.0,102.0,43.0,811.0,58.0,6161.0,453.0,6.0,3.0,0.0,55.0,6.0,13.0,54.0,49.0,1.0,173.0,26.0,26.0,63.0,9.0,321.0,0.0,0.0,0.0,379.0,0.0,0.0,2.0,0.0,8.0,428.0,77.0,23.0,0.0,0.0,0.0,0.0,0.0,10.0,7.0,0.0,0.0,4.0,0.0,3.0,0.0,8.0,0.0,0.0,0.0,1.0,0.0,17.0,0.0,31.0,0.0,0.0,0.0,0.0,0.0,0.0,0.0,0.0,0.0,4.0,0.0,7.0,3.0,0.0,37.0,0.0,0.0,0.0,0.0,0.0,0.0,0.0,0.0,19.0,0.0,0.0,0.0,5.0,0.0,0.0,0.0,0.0,0.0,0.0,0.0,0.0,0.0,0.0,0.0,0.0,0.0,0.0,0.0,0.0,0.0,0.0,8.0,0.0,0.0,0.0,0.0,0.0,0.0,0.0,0.0,0.0,0.0,0.0,0.0,0.0,0.0,0.0,0.0,0.0,10.0,0.0,0.0,0.0,0.0,0.0,0.0,0.0,0.0,0.0,0.0,0.0,0.0,0.0,0.0,0.0,0.0,0.0,0.0,0.0,0.0,0.0,0.0,0.0,1.0,0.0,0.0,0.0,0.0,0.0,65.0,2003,18,TQ1410019300,"50.961836, -0.3766479",Natural_regen,pH_6,23.5,No,Yes,No,,Intermediate
Knepp_Benton_field,276.0,444.0,128.0,83.0,3524.0,267.0,362.0,13.0,1595.0,94.0,298.0,385.0,179.0,120.0,7.0,194.0,0.0,58.0,269.0,41.0,10.0,136.0,114.0,13.0,231.0,0.0,701.0,0.0,0.0,9.0,667.0,3.0,0.0,37.0,0.0,61.0,138.0,1.0,23.0,0.0,0.0,0.0,5.0,0.0,11.0,1.0,0.0,0.0,0.0,0.0,6.0,0.0,5.0,46.0,0.0,86.0,126.0,0.0,11.0,0.0,36.0,0.0,0.0,0.0,1.0,0.0,0.0,1.0,0.0,0.0,6.0,25.0,3.0,0.0,0.0,29.0,0.0,0.0,0.0,0.0,0.0,0.0,0.0,0.0,22.0,7.0,0.0,0.0,0.0,0.0,0.0,0.0,0.0,0.0,0.0,0.0,0.0,0.0,4.0,0.0,0.0,0.0,3.0,0.0,0.0,0.0,0.0,12.0,0.0,0.0,0.0,0.0,0.0,0.0,0.0,22.0,0.0,7.0,0.0,0.0,0.0,0.0,0.0,0.0,0.0,26.0,0.0,8.0,0.0,0.0,0.0,2.0,0.0,0.0,0.0,0.0,0.0,0.0,0.0,0.0,0.0,0.0,0.0,0.0,0.0,0.0,0.0,0.0,8.0,0.0,0.0,0.0,0.0,0.0,0.0,66.0,2005,16,TQ1450019800,"50.966251, -0.37079737",Natural_regen,pH_6,27.6,No,Yes,No,,Intermediate
